review_id,order_id,review_score,review_comment_title,review_comment_message,review_creation_date,review_answer_timestamp
584138bd18450da29f7754791a3d8552,1831a71825a5c61b74815e606e7db61e,4,Recomenndo,Muito bom o produto,2018-05-05 00:00:00,2018-05-07 11:51:03
1b1142399ddd11e907ef1d59593f46ed,bbfb434859fc673797c1040d267e342e,5,targaryen APROVADA!,"targaryen APROVADA! Faltou apenas uma embalagem de papel√£o al√©m da embalagem principal do pr√≥prio produto, mais por seguran√ßa. Mas eu recomendo a loja e o produto.",2018-06-09 00:00:00,2018-06-11 04:35:45
0ab203fa324409ddf46525ed11a406ba,1e6582156af0035606a446213730ca65,5,LANERNA DIFERENTE,Uma lanterna bem diferente para uso geral.,2018-06-06 00:00:00,2018-06-06 19:22:07
1d1e963265057798cc8d980a4371142f,1fd20dcd28f95b7f60b8b09212db9f30,5,Otima,Parab√©ns pra vc por cumprir tudo no praso certo ,2018-06-16 00:00:00,2018-06-16 18:43:30
5fcfab15e41dec56d42c883a668635a3,00b6e66f005a657a6b13eedcacdf9342,1,ENTREGA DESASTROSA,"Comprei 2 (dois) Tablet Qbex Zupin TX120 7"" 4GB Dual Core Android 4.2 Preto e recebi apenas 1 (um). A nota fiscal apresenta 2 unidades, mas na caixa lacrada s√≥ havia 1 (um). Me considero roubado.",2018-08-22 00:00:00,2018-08-22 19:03:04
0cf25fb00b0ee8b4c97201a0522d8e49,3d256d368580c4cc0dc2b5fc606f1e57,5,Parab√©ns a equipe!,A encomenda chegou em perfeito estado e bem antes do prazo!,2018-08-24 00:00:00,2018-08-24 09:28:53
85870e0fc80e258fa5d7bd269f6877e4,8bc56c2bd5d8abe887ee0e3ec84a5c66,5,super recomendo,recebido antes do prazo,2018-08-30 00:00:00,2018-08-31 23:46:01
ce1f9aed6a191369b2be663a1ef256fd,e2bd28bec2c4b78b6b39dd0cda08c177,3,Bom,Gostei,2018-06-07 00:00:00,2018-06-07 23:55:08
0232421580625d7f28addcba03b40e3b,820749211528f2ac3c371469c8dcff94,5,√ìtimo ,"Produto √≥timo, chegou certinho e um detalhe , sem risco , td nos conforme ",2018-08-04 00:00:00,2018-08-05 12:05:37
06ed69462b99956d9e41146accb7f291,15ccd9465465614391948bdd2d3b4da0,2,Falta entregar ,Falta entregar um dos produtos ,2018-04-27 00:00:00,2018-04-27 22:39:06
6d041a019e260632e6906264e79e272c,6f3257f5d312b32a49d12e934af13545,2,Capa fragil,"Nao creio que essa capa v√° durar, material mole e de apar√™ncia fr√°gil, pelo pre√ßo deveria ser melhor",2018-05-09 00:00:00,2018-05-10 01:14:35
ff63ff91acaa1e23eab5aca11ecc6672,7cb67275a494651008ed5b1f0353ddce,2,Aperfei√ßoar o produto,"As focinheiras n¬∞s 01, 02 e 03 s√£o ineficientes, pois o velcro est√° na ponta do tecido, ficando muito frouxa e o gato retira com muita facilidade, mesmo a n¬∞ 01. Precisa colocar mais velcro.",2018-07-12 00:00:00,2018-07-13 21:19:59
02bc92d1021be67fa268958472479392,5d0b303a697b0b722ed82edf076fa3ef,5,super recomendo,responsabilidade dom o cliente...parab√©ns.,2018-08-25 00:00:00,2018-08-31 12:58:23
86c917ec7c07573968fb6a568647b8e2,d905ea9eb4e5000a35cbee306bce1935,1,P√©ssimo ,Eu quero o meu produto. Eu paguei. E nao recebi. ,2018-06-26 00:00:00,2018-06-26 21:03:50
19a94c16c98b13029ac739a4780d296b,61bd5e1a7364522ba03a89bd9f2bb51e,4,Tranquilo,"Produto de acordo com o anunciado , entrega r√°pida , gostei.",2018-05-15 00:00:00,2018-05-15 20:31:10
da2d32846c74978a614e040695023788,81254dd1f66cb71378737f0036be0bc2,5,Recomendo ,Excelente produto. ,2018-06-26 00:00:00,2018-06-27 11:15:44
a0e938cbace0067ad64d83f5be9d797b,d40be4e6e8f30d5f4ca1f34d06268fab,5,Entrega r√°pida!,"Entregou r√°pido,produto parece bom, s√≥ n√£o sei se √© original!!!",2018-07-25 00:00:00,2018-07-26 01:17:37
6b1ab34c0d63955d904edaae46cc1067,62ff10e32649e2f8d65d3acf35c67580,2,recomendo,"Mas o tecido deixou a desejar,a qualidade poderia ser bem melhor pelo pre√ßo. ",2018-07-06 00:00:00,2018-07-09 11:02:29
1eb7655a8ea24376abac0aef15d6eac0,16c96dd4350d02d1890b8b7fd141da9a,5,Terceirizada perfeita,"Comparando com outras compras na plataforma stark, a loja ?targaryen? foi a mais r√°pida e eficiente na entrega. ",2018-04-27 00:00:00,2018-04-28 00:15:51
07fd5a2a83da3a36d681696f31544b76,72e57d0b326731ddd25d0d44212a42cb,5,Entrega,"Gostei muito da minha balan√ßa digital 
",2018-08-29 00:00:00,2018-08-30 00:38:31
858fab56a905d392dbefe077112311d7,cc386d88850ca6f0931002051ac835d8,4,Recomento,"Produto chegou antes do prazo, muito bonita. Atende minhas necessidades.",2018-06-04 00:00:00,2018-06-14 15:47:17
63b89f9a58d7f4a11ade93f51f4eb743,51f0c74a5a4bb9d033837707f629b9b9,4,Excelente servi√ßo ,Falta apenas mais instru√ß√µes como usar os produtos. Se separados ou juntos?,2018-06-26 00:00:00,2018-06-26 18:24:52
26f7efd4b071a8413b79da8a1448ab73,11d963f9aaaf7e748ae831e7ad75775b,4,super recomendo,"estou feliz em comprar nas lojas lannister, sinto seguran√ßa.",2018-04-26 00:00:00,2018-04-27 18:59:43
af9427e2233c316dda6e0b81420fc390,4d33c3b8db205a116cc13b56b4cbf5cd,1,N√£o recomendo ,"N√£o recomendo esse produto, pois o acabamento do produto n√£o √© bom,a parte do alum√≠nio √© arranhado.Quero devolver o produto pelo site no prazo, mas o site n√£o est√° me dando a op√ß√£o de devolu√ß√£o",2018-08-04 00:00:00,2018-08-06 12:03:28
af5ef60794f568af43f1dbc712101cbd,86336bae769e4fb1af25f7bdb4b12cea,1,N√£o recomendo ,"Recebi anteontem um unico pacote de pregadores (10 unidades), veio embrulhado, e naquela embalagem n√£o caberia 2 pacotes de pregadores (total de 20 unidades). Vou fazer a reclama√ß√£o √†s lannister.",2018-06-09 00:00:00,2018-06-11 02:15:47
2c4dc987289084432bac9e5d14f2e2ec,500ae586f3dab7aba8557a29f0073de4,5,√ìtimo ,"Produto chegou antes do prazo previsto...
E em perfeitas condi√ß√µes!!!!",2018-04-26 00:00:00,2018-04-27 05:03:20
8d7dfa7a5e1db03e2143fca6dab12d56,b27afd384fc03b22ea356feec6f95dbf,5,Recomendo.,Sempre recebi os produtos comprados com bastante anteced√™ncia e em √≥timo estado.,2018-08-10 00:00:00,2018-08-10 21:47:37
d2b19516bd8fd54a50abfdb6553b3213,11a79baec5be1310ebcd7c9f2d0ab7c1,5,√ìtimo ,Tudo ok ,2018-05-13 00:00:00,2018-05-14 01:31:39
1ba7468273edae8f0e09f8c31c7871b0,d4863946c55e209d189f5ee4e420bc9c,5,super recomendo,muito bom o produto e foi entregu rapido antes d a dat,2018-05-16 00:00:00,2018-05-21 14:14:23
a5ee3506f1b7ed4c3220ded8a34e740b,db6bbd5bd39d674b8778df50982d00de,5,Compras,Gostei muito,2018-08-29 00:00:00,2018-08-31 15:26:03
abea776e9318ae035b3ae794fabd882a,c150d0cdd6a3320d8b475792bc422069,5,Maravilha!,Adorei! Obrigada!,2018-06-07 00:00:00,2018-06-29 23:34:19
923d66d43bd4c8f7efce3564f4173760,b9d42d3c4b0b357f92488c43be786520,1,Rel√≥gio falso,O rel√≥gio recebido n√£o condiz com a foto do an√∫ncio. Creio que o rel√≥gio seja falso! Entrei em contato com a loja mas at√© agora n√£o obtive retorno.,2018-07-26 00:00:00,2018-07-28 16:57:21
09a9775a93036073ce60a9b08efacbde,cee1a87ab4ea96b3259a9e2d1f02589b,5,Nota 10,Chegou antes do prazo gostei mais do que Eu esperava capa muito boa gostei excelente,2018-06-16 00:00:00,2018-06-17 01:45:50
fd12facf1bf6a2b16dd6baeb78952d21,9e317c05a75e38a2bdf6a454d8770ba0,5,√ìtimo produto ,"Como anunciado, entrega no prazo",2018-05-16 00:00:00,2018-05-16 23:49:42
82d60edf04c93d33b693bea836fd7514,80cfa0890f4319950ce8e5dae346a7b5,1,√ìtimo produto ,S√¥ lamento que paguei o carreto e tive que buscar nos Correios ,2018-08-26 00:00:00,2018-08-27 00:48:27
77b557a91d7a44f5711b8b99977415ce,0ef9e877644c6bc7049bbd78f6e2846b,2,Demora na entrega,at√© o momento n√£o foi entregue o byeblade kit 4 tornado,2018-05-25 00:00:00,2018-06-14 23:53:23
52ef4030ab6785f4557e5606361a18ce,1683815c34e20076a6b3a8b1fd3d8809,5,muito bom ,Otimo vendedor,2018-06-12 00:00:00,2018-06-26 16:53:14
9a7eaa8a21fac7431f22ac1122c4e0a9,c1bef4d15c96b3625b389a5abdd23d8e,5,Otimo,Chegou conforme eu desejava,2018-08-04 00:00:00,2018-08-07 18:11:01
ecc1a410b43636ab247073b2479fc5ca,a74a66237984e5fbc84b4900fb3cd430,5,10,√ìtimo produto e entrega r√°pida antes do prazo,2018-07-04 00:00:00,2018-07-05 11:58:54
5c9cd1077239ddf38d9c738236a8583b,553a57de41103c69daac4c829ae9fb19,4,eu recomendo t√° aprovado ,gostei e platico,2018-04-27 00:00:00,2018-04-30 15:14:03
13723d188b593851bc3d1d2ba5ff6d02,19bda247caaea65f92d0a5622749cb88,4,Vendedor Recomendavel,Produto entregue no prazo e conforme descri√ß√£o.,2018-05-11 00:00:00,2018-05-14 12:51:13
f82da587c1ecea1ad2fc609414d133e5,2825b66153661bc8d4d8c46d4dca0850,5,Entrega muito r√°pida.,"Entrega muito r√°pida, produto conforme descri√ß√£o.",2018-07-07 00:00:00,2018-07-07 16:05:05
ce688d9f954752d0b1ed4ceee57aed3c,4ec7da00b00c04936796489296dbb9e7,5,Super recomendo,Chegou antes do previsto ....√≥timo produto.,2018-07-31 00:00:00,2018-07-31 19:38:29
12a292c687798367a4a2ab59208ee138,d30c22b84ba5239f2ae0fc078be7611c,5,super recomendo,"boa noite !
at√© o exato momento n√£o recebi o meu produto
que comprei.
gostaria de obter uma imforma√ß√£o sobre o motivo
do atrazo",2018-08-16 00:00:00,2018-08-20 23:02:24
199530baadf2693a64de918531e2ae9c,b2ff3ece711737a6009cbb7513ab9ac4,5,Muito bom,Chegou antes do prazo. Muito bem embalado. O produto √© lindo e t√¥ muito satisfeito. Obrigado.,2018-07-03 00:00:00,2018-07-03 18:17:18
cb1bd176c1a8cb8037ae96301fb59a76,cee5a8cb995db00cc6582d61fb8f63f2,1,N√£o gostei.,N√£o gostei do tratamento ao cliente faz pouco caso n√£o esto contento com a loja.,2018-05-12 00:00:00,2018-05-14 11:34:50
a9ee519611773e42a0207c8e72d84864,257a853e3afe9bee83a67f4798e6db79,5,5 estrelas,Gostei muito do produto.Atendeu minhas expectativas.Recomendo.,2018-05-17 00:00:00,2018-05-23 23:04:44
1005608b56904e1bfed5cdc2a17313c0,0b46d65f233663a9d675570799f42914,5,√ìtimo,Atendeu nossa espectativas.,2018-06-12 00:00:00,2018-06-13 02:51:40
c0bf113ee3ad4096a9eb80b9741770ba,d75eecaf55d44cc701cd55e1491eccba,5,Muito r√°pido,"Entrega foi muito r√°pida, produto muito bom pelo pre√ßo pago",2018-05-09 00:00:00,2018-05-10 02:37:17
0e5d5e629b2b8ac5c08b2af7a1773806,ef42ca96b36e758b3da05888aa8ad723,1,N√£o foi o modelo escolhid,"Preciso da troca do produto.
Pedi lente +1 e veio -12
Espero ser atendida na troca.
J√° mandei mensagem dias atr√°s 
n√£o responderam. 11947805373
Espero contar com a lisura do nome lannister no ag",2018-04-25 00:00:00,2018-05-03 01:42:31
533b317ac7d493ac4e6b79c5d386955d,7511b74731e2d79ebe5d9ad5d6c55a15,5,eu recomendo otimo,"chegou antes do prazo., produto correto mto bom eu recomendo a loja...",2018-05-15 00:00:00,2018-05-20 16:11:09
0d1a5509780307230f58b7ccdafce263,b230cdf7f5d8115711cbab88f4636406,5,Super Recomendo,Chegou muito antes do prazo e tudo certinho.,2018-06-03 00:00:00,2018-06-04 13:10:12
97046768f59f00a552ed3ef415188e9e,f8a6d03ed88e47a216d244f20d4333b4,1,Produto com defeito,Recebi o produto com defeito e estou aguardando a resposta do fornecedor do que devo fazer....,2018-06-08 00:00:00,2018-06-11 12:47:44
d6611f3952b75988e786017dcb297995,f15b71255e897ae70dac621e18ebea09,5,Excelente ,"Excelente site, sempre compro e indico. Muito obrigado ",2018-06-05 00:00:00,2018-06-06 01:42:54
a807ea65e5f33c7fdc436a6e95676660,33526a04c7941ab386cc410962b171a0,5,relogio de parende,muito satisfeito com o produto e a entrega,2018-07-31 00:00:00,2018-08-05 14:21:49
ad83c0cd39759f3f605a2f6c19a0599f,a2c3c6ce5f0221dc64454e0580522784,1,NAO RECOMENDO,DESTA VEZ NAO RECEBI O PRODUTO COMPRADO,2018-08-02 00:00:00,2018-08-07 19:23:24
fdd3fea45535b3b6e2a9763bdf22fcd6,be555543375e799bd0f439ffc16134ab,1,Ruim,Comprei duas balan√ßas e so entregaram uma!!,2018-07-06 00:00:00,2018-07-06 22:30:11
5173b63fa57f88b16960960a36dc357d,8712b255e65bd40b073d43478f7d24d1,5,5,Obrigado amei excelente produto chegou antes do dia marcado,2018-08-23 00:00:00,2018-08-24 09:33:50
4b07641247cef2cd02855fbf86772694,9fc913ded51851d30a7ee9413e77d3c9,2,Bom,Recebi o jogo bege o vermelho ainda nao,2018-08-15 00:00:00,2018-08-15 12:47:40
eeafacf5860957c8c7f64dd182586816,725caf02795e0b544f8632bc82a3390b,2,Produto com defeito,produto com defeito,2018-05-04 00:00:00,2018-05-11 22:00:27
7ee0b28d45ccec1de14578bece79af0d,628111ec0fcace16f3112336b1138aef,1,Falta de compromisso,"Solicito o estorno do pagamento no cart√£o de cr√©dito,pela falta de entrega do produto.",2018-08-04 00:00:00,2018-08-04 12:12:17
511e7cc73af32fb21639065db8be4930,8053ea64c064df7d22ccf2099906d406,4,recomendo,e bomcomprtar ns lojas lannister,2018-08-15 00:00:00,2018-08-18 12:22:12
58b182e3b02083fa07ff52bd4eb6c2f8,ea06b59475b47ae67676d47fbe54d29d,4,LEGAL,"que legal, recebi o produto bem antes do prazo, o tecido foi o informado mesmo, estampa legal mas s√≥ precisa ser com mais qualidade.. mas atendeu o esperado",2018-08-24 00:00:00,2018-08-24 23:23:27
eeff034df4f8096ba692c63d6945946a,873c916c2bff3ea61a59f7bf7f0879c2,1,Tablet,Recebi o produto usado estou tentando trocar por√©m sem √™xito.,2018-08-15 00:00:00,2018-08-19 20:38:42
7e3a93130ae3a1a1345cd08073629232,938ae4cc3e41fb0e80467cbd9b3b0b32,1,Produto n√£o entregue ,"Comprei um bebedouro dia 08/04 e me deram um prazo de at√© o dia 30/04 para me entregar, hj j√° s√£o 02/05 e n√£o me entregaram n√£o comprem nada vendido e entregue pela targaryen mando emails e n√£o respondem",2018-05-02 00:00:00,2018-05-02 10:28:34
3e4e439daf16da2ceb5bff02676c9305,38f48d4adfebeacd5c07311b4502498f,5,Excelente,Produto muito bom e bonito. ,2018-07-05 00:00:00,2018-07-05 17:38:39
aed2f2c4ee32cedcdd61c8a6ca58a4b7,556a840ca8df33d08ff39fed4a28792b,1,Pedido incompleto,Recebi o produto incompleto!! Realizei a compra de.2 portas-retratos e no entanto s√≥ veio 1 porta retrato no pacote. Estou tentando entrar em contato com lannister . com e n√£o consigo resolver.,2018-08-16 00:00:00,2018-08-16 18:43:04
6fcb8ce86d2e8db9d7baddd37649c278,7a12712273a3da7417b25f9108162305,1,Prazo de entrega,Comprei o produto no dia 6/8 e no dia 17/8 ainda n√£o tinha sido entregue.,2018-08-15 00:00:00,2018-08-17 15:41:33
fcd578cb9661b14f62e266d302c6ae65,4c30ca1b003a7fb3999df965167d492d,5,EXCELENTE,"Amo comprar no site das lannister. Ja teve compra que me arrependi e obtive o vale para outras compras, resolu√ß√£o rapida do problema. Rastreamento de entrega, tudo certo, em todos pedidos feitos.",2018-05-19 00:00:00,2018-05-21 00:33:27
e45e11b96636d2a6ce6f58d85b894a9c,777e1991a17b077dc363745bbaf05e2f,5,Excelente,Entrega super r√°pida. Recomendo,2018-06-07 00:00:00,2018-06-09 17:29:36
879d3c52722b95be72bb9d9bb9d3660c,0d2495ab9ff55e8edc50bdc92b443103,5,Entrega muito rapido,"√ìtima loja, entrega antes do prazo!! Super recomendo",2018-06-20 00:00:00,2018-06-20 23:43:38
598cbb9ac3d8ee506744943466a15cae,553ba7f2b59345ea057f5a8062784dfd,4,Entrega super r√°pida,"Ainda n√£o testei o produto, a entrega foi acima da expectativa.",2018-07-07 00:00:00,2018-07-08 13:03:48
1a9f8b60fc63ed7467ddc471b8eacb38,aa62e1d89af0554cdcb6a75d86ddb961,4,Chegou antes do esperado,"Chegou antes do esperado, me ligaram informando que n√£o teriam a cor que pedi e se podia ser outra, disse que sim!",2018-07-03 00:00:00,2018-07-03 21:05:36
e377ec9a49e168616675455e17618c95,f718877840944cfe1c386ba157a50d57,5,Show,Maravilhoso e pratico em sua coloca√ß√£o.,2018-05-08 00:00:00,2018-05-11 09:33:11
6bff0a4d4e121d10e5ad1735cf5ba26d,e44bc38d6b4a533a8bdf31db140f2d01,5,Dez,"Maravilhoso poder comprar em casa....receber no prazo..
",2018-07-13 00:00:00,2018-07-15 16:42:08
d5ee3f1981fe3552a2e21a0958b9d338,2321337240c200736e346c2445003fd3,1,P√©ssima essa empresa ,Estou esperando o produto chegar ainda.,2018-05-26 00:00:00,2018-05-26 13:37:27
d4ad207d1b4f0c361edf36898d699517,17229fc3b255deaf774bd892c1673951,2,qto ao baratheon sim ,"A bolsa veio com a costura torta no ziper, e nesta costura por estar torta, n√£o foi costurado o ziper, ent√£o est√° um buraco, n√£o gostei, preciso ver o que devo fazer..adoro o baratheon,mas n√£o produto",2018-06-14 00:00:00,2018-06-16 14:13:44
09d02cb21d08b7abbc92d2f2b8ab6521,88d3ffbd9471d0ba780fd0370a0d7892,1,FALSIFICADO (targaryen),"RECEBI UM PRODUTO F-A-L-S-I-F-I-C-A-D-O. √ë SABE NEM DISFAR√áAR. TOTALMENTE DIFERENTE DO ORIGINAL. DEMORA PARA RESOLVER MEU PROBLEMA, N√ÉO CONSIGO TROCAR NEM PEDIR REEMBOLSO. NAO COMPREM COM targaryen NUNCA!",2018-07-27 00:00:00,2018-08-03 21:16:21
0393945717e951a578c353eefb9cfec3,b2966db1aadf7b21b86cbd1131855a68,1,provid√™ncias lannister!,V√°rios atrasos e o produto com absurdo de atraso!! Aguardando provid√™ncias da lannister.com,2018-05-09 00:00:00,2018-05-10 20:08:17
48ec5aadfaa27b0cab76d019eb713da6,f1e8643379e102eb64bc8ed6989a2ec7,5,Tudo perfeito ,Tudo perfeito celular maravilhoso super recomendo tudo! Loja super correta tamb√©m recomendo muito!,2018-08-04 00:00:00,2018-08-09 05:14:06
e80511780dbdb3b2338b1524566829a2,81c0952b750d74fa259592bdb837e42d,3,10! Gostei muito! ,"√â um site muito legal e at√© agora achei seguran√ßa em fazer compras neste site, e os produtos s√£o de uma boa qualidade. ",2018-04-28 00:00:00,2018-05-24 21:36:17
a9e2211e94fa3932928ba8296de4fa32,ad8c386772f88caabcff4e2a8bee26d3,5,recomendo,"adorei o produto, vou comprar outro.",2018-08-25 00:00:00,2018-08-26 11:24:32
1550d236cbbfd7826093387716c44797,5261639befee46871e5005e71a7694a7,5,SUPER RECOMENDO,OTIMO PRODUTO,2018-08-08 00:00:00,2018-08-10 19:30:02
29011659d406fe6e841d188ce43a5991,c8310ae899dc9ca256b06db4c50d814c,5,Bom,"Otimo a entrega, muito r√°pido ",2018-05-03 00:00:00,2018-05-05 23:08:19
6c2f8602dee8d39c564cbbb21c98ab65,22aaa02adda54ed16ee8d3eed7cb23f9,5,Nota 10,Produto entregue no prazo. E o atendimento sempre excelente. ,2018-05-04 00:00:00,2018-05-07 00:44:30
6c49563f8fa34a5c1b33919bf9748bed,f119f2d71c96714540bb893bff51e122,1,Insatisfeito,Produto que foi entregue n√£o confere com o pedido da minha compra.,2018-06-03 00:00:00,2018-06-04 03:13:30
9743e263eb00b46ca41336c554589511,67119966e190b3d2f210b4f9117395f1,4,Colcha,"Produto bom, mas esperava melhor",2018-07-05 00:00:00,2018-07-06 12:50:23
e1a55ef5f914fff9a2df1aefc27fb9ea,22a0afb00de21962e96bef9ec5b51223,3,At√© agora nada,"Ainda n√£o recebi o produto, por isso dei ""n√£o"" em ""recomendaria""! ",2018-08-12 00:00:00,2018-08-12 18:13:54
32b430d02277c848262e4e220be96d2c,d8f92d7e898a1027a0957b82f58ddbc4,4,Por enquanto,Por enquanto o rel√≥gio est√° funcionando corretamente.,2018-08-24 00:00:00,2018-08-25 00:01:00
e930bff7f72f5596835423e8a87b8ecb,d93ed72dc9abec13f2ad4ae2e531fada,4,Amei ,S√≥ achei os bra√ßos estreito n cobre todo bra√ßo do sof√° ,2018-07-07 00:00:00,2018-07-08 02:21:30
e5832bfbc9efa6abb88d00a6a02713ed,0e0fa429a12bc8105554270a3a52ce97,5,Squeeze Cantil Inox 750ml,"Squeeze sensacional! Mant√©m a temperatura por muito tempo. Al√©m de bonito, tem um acabamento impec√°vel! Recomendo.",2018-07-22 00:00:00,2018-07-25 13:21:52
042e4761d745a9ad2093474c1825a2a3,048cb31a5449d208f197f1fe7b617c3c,5,otimo,Ainda ganhei um livro de brinde,2018-04-29 00:00:00,2018-05-02 20:54:16
6a2443db32f6fb11e079ca9335920aa8,5ae462adc9fc09ec40e8eb915cecb4ca,4,Positiva,Muito bom.,2018-07-14 00:00:00,2018-07-14 15:52:03
b9e87cf846d1011a5f55ed70a1d8835a,8653f85aa59de4b89435d4b44c8da67c,1,N√ÉO RECOMENDO,AT√â AGORA O PRODUTO N√ÉO CHEGOU,2018-04-27 00:00:00,2018-04-27 12:22:27
8935892c531688bd3bce825fd52a6449,d9cec2829cd4998f4d6ea00861d2a689,1,P√©ssimo. ,Voc√™ vendem e quando temos problema como no meu caso mandam entrar em contato com o parceiro. Empurram o problema. Comprei e paguei por 2 unidades e recebo apenas 1 ,2018-05-16 00:00:00,2018-05-16 21:39:43
00148610066c357531807daea5888a22,8f705decc6b7168523d676183f61b950,5,ENTREGA DENTRO DO PRAZO,ENTREGA DENTRO DO PRAZO..RECOMENDO!,2018-05-16 00:00:00,2018-05-25 17:57:16
57c9c29b8f3fc070a2ed70fec3024768,fcaa27705f4857554664f4e54825d593,5,recomendo,recomendo... bom produto!,2018-06-07 00:00:00,2018-06-11 12:09:54
73825c944419be59995fdf5755400ba0,25a93076658202368073fb3697a3f4ef,3,Troca / devolu√ß√£o,"a experi√™ncia de compra on-line e a entrega foram boas, por√©m o produto n√£o atendeu √†s expectativas e estou tendo dificuldades com a troca /devolu√ß√£o.",2018-05-15 00:00:00,2018-05-20 13:19:13
47e69a9c02dc8daed746adf614b3f821,baa821bd1dbd5c6d31c9b1c68f760b8b,5,Muito bom!,Tudo nos conformes. ,2018-08-31 00:00:00,2018-09-03 16:58:38
7eff7cc5a891d846c400a2298b41b6dc,e9edb54bb4120f4f69c7b036cedbc5a6,4,boa loja,boa loja,2018-06-20 00:00:00,2018-06-20 11:11:20
8085a4c438612890a6be29f103771918,9d8b70a59accfd6e1344d2d23d5b8ceb,5,Tudo rapido e ok,Produto original e rapido envio. Recomendo a todos.,2018-07-31 00:00:00,2018-08-01 00:18:52
e39f3d0361212e784764f406c4dd5730,6cbe4707ae0b201a8d5a8b16dea28800,1,Atraso na entrega,"Deveria enviar este produto por uma empresa diferente do Correios, devido a empresa demorar na entrega e n√£o liberar o produto no centro de distribui√ß√£o. ",2018-05-25 00:00:00,2018-05-25 12:59:12
7349318f5f55a09c255fc024e6d6db00,add85850d87ec9b2926443c2310561dc,5,Recomendo a compra!,"Estou satisfeita com o vendedor,O produto foi entregue bem antes do prazo prazo previsto.
Recomendo ",2018-07-01 00:00:00,2018-07-03 17:12:37
c9ef8475a36541fe723aa294d4a9d78f,0b5d86d1d6e2e765f19774b9572b1987,5,100 ,√ìtima ,2018-08-26 00:00:00,2018-08-26 21:06:49
21e1f8585713b6ee923ee1abc32be92a,0d08cdedf9c8c3f61810976bd0ac294d,5,Otimo,"O relojio muito lindo ,gostei de mais .Agora sou preciso que seja da qualidade do material que o vendedor recomendo ",2018-05-10 00:00:00,2018-05-10 12:07:21
753eb0fbfe7321d400a01b4c55354b67,e6fed6276bf6386ddf418ff601846889,5,Tudo certo,Tudo certo,2018-08-21 00:00:00,2018-08-21 23:27:39
de7b244e5a8fb3ea3c76f1f9fe4e5c96,8643fbd2f309c5530887b6e3cbee56fb,5,Elogio,"Muito satisfeita, produto de √≥tima quelidade, entrega r√°pida. Recomendo.",2018-05-05 00:00:00,2018-05-05 23:41:23
d43c9dcdb7c9e532f0d0e686a95d8734,454a297f19c15e3f7a16c16961029402,1,Resolva o problema ,O produto ou meu dinheiro de volta ... lannister avalie melhor as suas lojas parceiras .,2018-07-15 00:00:00,2018-07-16 01:48:39
962c502f0c52e65021282cd0a6931a51,778101005371670bde7d9138e9203140,4,Gostei,"√ìtimo produto, recomendo",2018-05-04 00:00:00,2018-05-07 02:28:18
82ae0519c06d5873ad9598e8d8ea6be5,dbc0a83e6165e4eed41ed8ad3007194a,5,Perfeito Servi√ßo ,"N√£o tenho o que reclamar, foi minha primeira compra na loja online da lannister e foi muito, muito tranquilo, acompanhei tudo pelo APP (que por sinal super indico.) √ìtimo servi√ßo. ",2018-05-11 00:00:00,2018-05-13 02:28:39
af33017ba5a3e60841ecf4f0d8192f19,ef6083295bf92222def5885ea2551112,5,produto muito bom,Produto muito bom . recomendo esse produto .,2018-05-04 00:00:00,2018-05-05 11:43:01
c69517c2da7182f927d23e32d0adfdfd,25f606824a2b8532c1d6a6d38f501b02,1,cobra frete e n√£o entrega,"odiei a compra pois paguei frete e tive que retirar nos correios , tudo que comprei na lannister foi entregue na minha casa ..n√£o compro mais..",2018-08-02 00:00:00,2018-08-02 05:36:29
74da39a47102f8ab6386a19a4c608ab3,dac3092fa896a585ef8cfe91762294e5,1,Loja Lixo,"Eu comprei o livro educa√ß√£o f√≠sica e organiza√ß√£o curricular, este do an√∫ncio da foto e n√£o o que me enviaram. Eu recebi um livro de nome: educa√ß√£o infantil e coopera√ß√£o, quero meu dinheiro de volta!!!",2018-08-10 00:00:00,2018-08-11 03:04:29
7ecf92731beb0fd007e2bfec6c432501,72e5f9d054298a6554b1d7e7e4115c5a,5,Super recomendo,"Bom pre√ßo. Entrega dentro do prazo. Enfim, tudo de bom. ",2018-05-13 00:00:00,2018-05-18 11:20:32
bc1675dfbea39f19fb46b9debe26df92,8c8a24bf308761df290a5503106a8ae3,4,Cautela,N√£o √© poss√≠vel falar com a loja para tirar d√∫vidas sobre o produto.,2018-05-08 00:00:00,2018-05-10 13:22:37
9afc85900a86fb8df3c31721f1869756,94d3ee0bc2a0af9d4fa47a4d63616e8d,5,********,"excelente lojas, a posterior vou fazer uma aquisi√ß√£o de um rel√≥gio,tem jeito de enviar o frete gr√°tis como cortesia da loja. obrigado",2018-05-15 00:00:00,2018-05-17 15:16:20
b0f5e34534c2387051a9ac7a68e21855,9d65f5b3f39a8bab190ca8c315452bf9,5,2 produtos,"J√° sou cliente da americana a muito tempo,
Sempre foram eficiente tanto na venda como na entrega, e desta vez n√£o foi diferente 
Estou muito satisfeito obrigado americana.",2018-06-05 00:00:00,2018-06-08 01:05:13
837ad46e0da7b22eabdf81e30fd28533,a115115559d40a6b8a7bd518af5e1115,5,Excelente ,Vendedor muito bom recomendo ,2018-08-10 00:00:00,2018-08-13 10:01:47
a935b3d67f406bac4853776d80a05220,9db5ceb6f107ae0944c19188c8869a03,3,Acabamento,"Estou tentando entrar em contato com a stark para verificar a troca do mesmo, pois veio com defeito de acabamento, mas n√£o obtive exito em falar com algum atendente representante do e-commerce ",2018-05-05 00:00:00,2018-05-08 02:06:50
d008598ef4388efaf9c344c2cc9f7a9b,93d02f5f55e689031c89bf0162e50fc9,5,Super recomendo,"Produto chegou corretamente, foi entregue antes do prazo.",2018-05-09 00:00:00,2018-05-10 00:36:08
372109711a4a21b7615179a7b4da0fc1,3a84d8311ec3bc442b8e2413a6b770c6,3,Produto entregue errado,A voltagem que pedi era de 220...E n√£o 110 como veio,2018-08-17 00:00:00,2018-08-19 17:35:11
c28429139ae29bd7add0cfcfc9bb978b,bd2e19f9042680bd81bd82e31fbf09cc,4,super indico,muito bom chegou tudo certinho no prazo,2018-05-24 00:00:00,2018-05-28 11:48:45
df0bece0f42b601403a2b7d40f487efa,420011ce3780f71ff75fc9d705144a9b,5,Otimo,"Entrega r√°pida, produto de qualidade!",2018-06-29 00:00:00,2018-07-02 14:15:16
4cb57ffd701cb140866770c4cd9b2cbf,960f1dc42251b4fdfa41d260f5c8e3cf,3,recomendo,Os quadrinhos s√£o lindos...,2018-08-01 00:00:00,2018-08-03 16:41:24
4ba3541e47a2b1d05b3b54ccf81bca69,3a026b1e98a953d5e0e675d1593ad4af,5,Muito bom!,"Gostei do Fone pois tem uma boa qualidade som, fiquei algumas horas (+ ou - 3h) com ele conectado celular e nada de pedir pra carregar. Ainda n√£o testei o radio, mas acredito que esta ok.
",2018-05-03 00:00:00,2018-05-06 00:39:00
397a639307318957105b1045be8f8c14,c14191a30c0d8aae8951561cd85a7485,5, Muito bom,Muito bom e rapido,2018-08-23 00:00:00,2018-08-25 22:06:44
408b161af0a7102451fb96b13ae2d9c7,69602d7086bce76ef900a362fa5304d2,5,nota dez muito bom,gostei do produto,2018-06-06 00:00:00,2018-06-13 15:00:32
04207b4aa9909eafe585382eaa2108fe,d2271c114a00d818beaafcbd5b2b567d,5,Satisfeita,O produto foi entregue bem antes do prazo.,2018-05-01 00:00:00,2018-05-01 22:48:59
0f35148ccb917ba2996b8f56b2eff9be,66673d07632c70dc8a9393c230b2e275,5,Entrega r√°pida ,"Produto muito bom e bonito, entrega antes do esperado.",2018-07-14 00:00:00,2018-07-15 12:15:50
304f17ecd4c1ba226773002520222e40,e4e0b1913652739070617b6a336a6ca5,4,Excelente,Tudo certp,2018-06-13 00:00:00,2018-06-14 13:49:57
f48b51510b24041990bd99257613b2b4,957835fcdd687e80443310e35eb113b9,1,Otima,Muito Agel com a entrega obrigado,2018-06-08 00:00:00,2018-06-08 18:01:19
60abc8321eeb6c48e3af411b8a2b4d25,98b8868388a8f86ba780cac8e6c2b496,3,N√£o sei se recomendo,"tive problemas com o cartucho preto.
Minha impressora exibe a mensagem de cartucho danificado ou n√£o reconhecido.",2018-05-24 00:00:00,2018-05-27 00:00:53
005fc7abaa7a67d3ce8f49aee64e2751,da9e241d42acffe7f3a590e13f030df0,5,"muito bom , dez .","muito rapido ,dentro do esperado .",2018-07-14 00:00:00,2018-07-15 20:58:52
bbdf4b38a60dca20150293ed2162288d,23879ed885740016a16a4cfc5420c80d,5,Recomendo,Entrega r√°pida e com qualidade,2018-06-14 00:00:00,2018-06-15 10:26:42
c044f9ffdd088d7f83871e2eef5d2f41,371ed9cae9680ffd6905f4e51f6a469b,5,Excelente ,"Entregue antes do prazo , pedido correto ",2018-07-04 00:00:00,2018-07-05 15:12:55
74d487471f8aedc0a67f4031af55c2bf,b464ee1388a53045be479da40e2ac03b,3,muito pequeno,"Muito bom, por√©m muitooo pequeninho ... mas tem dois lados e um lado com aumento.",2018-05-22 00:00:00,2018-05-22 22:39:38
9b11a769b8a1826726d60d015f0a2711,31472917c2860ed762efd622d5862d88,5,SUPER RECOMENDO,ENTREGA SUPER R√ÅPIDA,2018-05-26 00:00:00,2018-05-29 14:55:43
455413d37b38cc952988e60708ec3cf5,ecfe65cfaa102e8a89b64e8847d79314,5,Fabuloso ,"Seguro, r√°pido e √°gil. ",2018-05-12 00:00:00,2018-05-12 20:42:23
96c73b4dd713c8787d7996fc194aad4a,fc698f330ec7fb74859071cc6cb29772,5,√ìtimo,Loja confi√°vel e o produto chegou como eu esperava,2018-05-10 00:00:00,2018-05-10 22:18:38
d2315ddd83238361aa3b88fb16f28ed6,b7e1823a1a3137ba666bef3dfbca19dd,5,Entrega super r√°pida,Ainda n√£o abrir o produto mas parece muito bom,2018-04-28 00:00:00,2018-05-03 11:58:30
ee109c72fd669dbe44908187e7a25e16,cf2a9fcfac08206bae42b3118368c9d1,1,Andre G S,"Tudo certo mas tentou entregar no lugar errado na primeira tentativa.
Na 2 segura deu certo entregador um pouco fraco na leitura do endere√ßo e isso iria me da dor de cabe√ßa mas tudo certo....",2018-08-21 00:00:00,2018-08-26 11:51:39
434975e1a7e9834f1167ea4524e4376c,ccbc6d72962da1952d471d3bb26cd5dc,4,√ìtimo ,"O produto chegou em perfeito estado ,e no prazo 
",2018-05-01 00:00:00,2018-05-02 12:45:16
2a4ed4053d26d0398711b6902c5f0fb8,e03566eab6041e05274e23b5a2fe5d31,1,Decepcionado ,Gentileza entrar em contato URGENTE (71) 98500-7952,2018-08-18 00:00:00,2018-08-19 23:39:54
709241bb4b86138c404dc3993b3eca48,b269b36952900c5cb25de4f0ee866aba,4,Muito bom,O produto foi entregue dentro do prazo previsto. Gostei recomendo.,2018-05-15 00:00:00,2018-05-20 11:25:09
54c1a60f597466ed74fd548d0a329e71,f80a2d6485e38a437fca857efb7b1b66,4,50% pessima,Esse produto foi comprado dia 11/4 at√© hoje n√£o chegou posso saber porque ja faz um m√™s e 20 dias que comprei 2 jogos t toalha banh√£o entrega estava prevista para o dia 24/4 at√© hoje n√£o chegou posso ,2018-05-25 00:00:00,2018-05-28 15:45:37
384ff29a95a2f69a476470d8de75ebdf,5c8b799d9e858d7af25f956df90a88a2,5,Perfeito,"Muito bom

",2018-08-11 00:00:00,2018-08-14 12:46:11
9b71ee544308a09e6f819691b28731b0,ad0601d72c6f5d20f194290cb517e6e4,1,"Ruim, produto incorreto","O produto veio com tamanho diferente do solicitado, ou seja, tamanho 56 no lugar do 38. A empresa est√° demorando muito entrar em contato para que eu efetue a troca ou o cancelamento da compra.",2018-06-19 00:00:00,2018-06-21 21:54:37
899639f9578be773a63934e44b3a27f5,c4844a648661a8301e3f1fec6b95e195,1,N√£o recebi o produto,nenhum comunicado foi me passado.,2018-04-29 00:00:00,2018-04-30 11:42:02
c1386e95e26f562599a43cc5197da1be,16e1e21ae459315114f092dc02743dea,5,√ìtimo,lannister √© 10,2018-05-17 00:00:00,2018-05-21 00:08:31
9d09a171bbdec8627fcc77c24419d3ef,51a6c901712ba9639464fa07a52b4fa2,5,Super recomendo,"Recebi meu produto bastante r√°pido, comprei em um dia e recebi no dia seguinte. Maravilha!!!!!!!",2018-07-28 00:00:00,2018-07-29 16:45:01
4bd938d8a112b66e053b3dbcc4fb33af,e470d790c06fa65f0a02de3477502952,5,10,Muito bom o atendimento. Chegou muito r√°pido. Recomendo!,2018-05-15 00:00:00,2018-05-16 13:20:17
b5291a892d5a47b45af9efc57b3fda54,0d379ed81a9bf10489b4509f3559ca90,5,bom,otimo,2018-07-25 00:00:00,2018-07-27 16:01:27
d768c5525408c9da63b901b8a03d7b8f,e6249cf2ec8f9ed63814e33eef1536bd,5,bom,"S√≥ compro eletr√¥nicos e eletros no stark , nunca tive problemas, as ofertas s√£o feitas com clareza . ",2018-06-02 00:00:00,2018-06-04 11:11:53
fb983c6213768c93d22161dd6faeaf7b,1f04bac535b51d50ba5a22cddc3a52ff,1,N√£o fiquei satisfeita.,"Geralmente, compras desse tipo, escolhemos o produto pela imagem(cores, estampas e etc).
O fato √© que n√£o chegou o que eu tinha escolhido e n√£o me informaram que poderia vir outra estampa.",2018-07-27 00:00:00,2018-08-25 12:58:41
e8639457e82710495af3874674ff8355,63cb9481eda48b82bb600b4e38026b91,5,√ìtimo,Perfeito,2018-08-14 00:00:00,2018-08-15 11:17:44
6885d3e9ec46301ad45c76e2506f5401,c5e06e750cf18e0c0a71e1d5ae97f749,5,Excelente,Foi td muito rapido fiquei ate surpreso!,2018-05-04 00:00:00,2018-05-04 22:47:33
813c94848afefa8766f447fcf208f72d,e5d6133b023d919f6aa7a4b3e33eca78,5,Super recomendo,"O produto foi entregue super r√°pido, fiquei muito feliz com a minha compra, recomendo!!!",2018-06-13 00:00:00,2018-06-14 01:08:38
09207e4102e61cbebe0b37f10d5aff32,70c0f518419924f19c9878c5b40a185b,5,√ìtimo,Perfeito!!!,2018-08-29 00:00:00,2018-08-30 11:12:28
9f859569308b264c8c6bf6a0cacd7233,104b23439f7dc2291659a26f2237abdc,4,super recomendo,"Recebi antes do prazo estipulado,muito bom.",2018-08-24 00:00:00,2018-08-24 20:18:35
54612625198a5341a450e77970e8cea1,34ebdcf6d440d454fd43e0595424acb7,5,√ìTIMO,"PRODUTO √ìTIMO, CHEGOU BEM ANTES DA DATA PREVISTA",2018-04-24 00:00:00,2018-05-07 12:43:57
6c3dd1151d36fff697da04b4b29c8a20,a079628ac8002126e75f86b0f87332e4,1,Propaganda enganosa!,"o produto n√£o presta, faz a leitura da temperatura corporal totalmente errada, estou me sentido lesada como cliente, gostaria de devolver e receber meu dinheiro de volta, estou completamente decepcion",2018-05-15 00:00:00,2018-05-19 00:47:59
f91be2c90798b49bab24698476ac8f14,c3c8037bfac88b34744bb96cfed9c7f7,4,Muito bom!,Gostei da rapidez do atendimento e o envio do n√∫mero para rastreamento.,2018-08-14 00:00:00,2018-08-14 21:36:39
09d4d315506103ba301225a0f38c2999,27d59d6c52a0d2dbb8e2ea86ff71f962,5,Bom,"Tudo veio nos conformes, obrigado!",2018-06-19 00:00:00,2018-06-22 21:25:34
206fcd0c7e9d3248ff891f31205ae6ee,d6cd9d63e25452e0278cb6eeed08de6b,3,O produto veio quebrado,"Um os produtos veio quebrado, estou tentando trocar ou devolver.",2018-08-21 00:00:00,2018-08-24 02:48:28
4f5bae040afcfa87c54c8f036ecd1650,a333f2fe51944b92ce68ef890185dc1b,1,Especifica√ß√£o enganosa,Comprei um controle Sony Rm-yd047 e recebi um controle Kdl40 W-1004,2018-05-13 00:00:00,2018-05-14 02:22:06
84bc0bf21641e8a51d43e90264fb5b3f,6a713ce5b2cfc769104c39775b662625,1,Tecido fino,"No mesmo dia que usei j√° encheu de bolinhas, fino demais ",2018-05-04 00:00:00,2018-05-05 00:31:31
3bc797c1130a55e41badb7c4288d5ff2,0cb709ce376d73c096eac3e210ebd5d6,1,N√£o recomendo,"Fiz a compra de 2 pendentes e recebi somente um fui retirar no correio da minha cidade e l√° fui informada que havia somente uma ordem no pedido para ser retirado,estou tentando ligaar e n√£o consigo.",2018-05-26 00:00:00,2018-05-28 12:46:44
2ebf706ad73c1611e8a9301fda498f2b,27ad3cde457631774a337c7d7bad4285,5,...,grata por tudo,2018-05-20 00:00:00,2018-05-23 19:54:09
526f66ea0526fe0a9f4240de16707b6e,e0e86ba567043fd48c98fbb535105f00,5,Boa,Muito bom,2018-06-30 00:00:00,2018-07-02 19:08:23
7c5b4989db1d976c7c04dca544630bf6,35b0513eaf7a477cdb93469b7b4a3d6c,1,Pedido incompleto ,"Em um primeiro instante fiquei satisfeita, pois o pedido chegou antes do prazo, mais quando abri a caixa o pedido estava incompleto. Pedi dois jogos e s√≥ veio um. Gostaria de uma resposta do site.",2018-05-01 00:00:00,2018-05-02 09:36:30
0dba9b08c14aa7e094f60042b2a8d8af,7ae4fd8c81d9c0d64e4a89a71adbb6c2,5,Muito bom ,Tudo certo bom produto recomendo,2018-06-06 00:00:00,2018-06-06 22:41:11
a95bcc9d63bb2e9330d6395d64739be3,dc448b07dcf70d4f397500af86b4601f,5,10,Loja √≥tima,2018-07-12 00:00:00,2018-07-13 12:32:48
18deebe2a69a83db2c71c763b0706a99,95a46ee84acaaabcaa312cd198120bc3,5,otima,otima,2018-05-24 00:00:00,2018-05-24 18:25:58
ac856f7beef2d24b61257d0c2ef26ae7,051fcda88d997d3ff86012da2a556342,1,Carteira √± √© de couro ,√â couro sint√©tico!!,2018-08-30 00:00:00,2018-08-30 22:53:02
c560ca004d0256192e91584285d0d72e,ba772856bdab971f8c7eae9e03cf8706,4,E um otimo protudo,Indicaria esse produto sim porque naao se arrepente,2018-08-18 00:00:00,2018-08-21 02:36:24
1c16c3223bf3cf71d36064e5486c358b,20415fe2d2bbc0e8cd136855c2d3f149,5,recomendo,muito bom!,2018-06-12 00:00:00,2018-06-22 23:00:26
964b54e2b7615546e3986b4519e8f4dc,fd8ae066cb36d75d6a3679bb30370c39,5,"Recomendo, aprovado ",Muito bom adorei o produto super recomendo. Chegou bem r√°pido. ,2018-08-17 00:00:00,2018-08-17 20:03:01
8f94049c6a924292ba6549cde66440be,53712f2beff3a9f5bc14e79f68023ba7,5,10,Entregou antes do prazo previsto,2018-07-05 00:00:00,2018-07-07 16:49:43
1da9480ab2624a08e6ab20fd7c34f20a,c7cf98eae37902869c4e92aeb9db5c72,5,Excelente.,"Produto com pre√ßo bom, todo processo de compra foi excelente.",2018-05-11 00:00:00,2018-06-07 23:21:24
fb9dd7fac3b4a04d9d6dfca2ad264414,202effd51a18d9717266ec1935672741,1,Mais o menos ,Achei fraco,2018-07-31 00:00:00,2018-08-10 02:02:23
c0c84bf9fac5c337a205232f04e02b41,1df5ad6aeceb5bb17ae3e7a095592d23,5,Excelente,Tudo dentro do prometido. O produto √© muito bom.,2018-08-09 00:00:00,2018-08-10 20:26:32
d740b6774633fdecfada73c946b97c28,629e289bf8013a1e9dcb5fc8cb9b377b,5,Tudo Perfeito,Produto entregue dentro do prazo combinado e correto. Recomendo.,2018-06-20 00:00:00,2018-06-22 12:25:14
a423385375bad6859c8ad9b50492a0ec,d68d5c93a1000f0278b511ffa6aeaa50,5,Bom vendedor ,"Chegou no prazo, √≥tima embalagem. ",2018-08-14 00:00:00,2018-08-14 21:47:03
9f6ea3271d27336a9fedc2fa628bda70,c4f5e515c5b864e0f0cdea33ce83244c,5,linda mochila,"E a segunda mochila que eu compro, somente de cor diferente, √© linda e moderna.",2018-06-19 00:00:00,2018-06-23 14:18:32
34482d4f2e4c3414578e6db34362bdab,fedc85bb24209961b595782f2c259c4a,5,Ok,Muito bom recomendo,2018-07-21 00:00:00,2018-07-25 10:37:42
8cbd43b45179c8a12c3485edb697c56f,4adbb023fd0ab6d84373f8f2f20a9ef5,1,Pedido veio incompleto ,Vieram faltando produtos e at√© agora ningu√©m respondeu meus e-mails. ,2018-05-20 00:00:00,2018-05-20 23:37:54
7af54cea11f7d5876c67bc84a5a7e362,1565a76a3a30915bbcab8d5e698836cc,5,Perfeito,Excelente produto.,2018-05-24 00:00:00,2018-05-26 00:01:47
508ae867c58d66182fd220acdbff6fcb,559e3bc7d9dd587ccb23c90505340ee1,5,Produto entregue no prazo,Produto entregue com duas semanas antes do prazo. √ìtimo custo benef√≠cio :),2018-05-09 00:00:00,2018-05-13 19:29:53
e95aacc83825025333aab66661177eb0,047250e11ece4201a2083bc3b62866bf,5,√ìtimo,"Entregou tudo muito bem embalado, amei. Amo esse fone por isso j√° comprei 3 pra fam√≠lia toda.",2018-08-21 00:00:00,2018-08-23 21:13:52
c3d2f9245a69bdb399a9d5e959ad9d6f,0f7ed09b98de20ce43a56ec76b674951,5,Deu tudo Certo!,So achei q a Luz enfraquece muito rapido! tem q colocar pra carregar toda hora!,2018-06-28 00:00:00,2018-07-01 15:58:07
284b2e534f8694766f0c48cc12ded586,6012c4f6717daddf50ae413224098301,5,Linda Manta,A manta √© muito bonita e um tecido muito bom! Recomendo,2018-07-20 00:00:00,2018-07-20 12:27:57
a597750b80055536915415b8d96d1d64,18995b654ef8f346243a4a9e0b278164,5,Excelente ,"Previs√£o de entrega era para o dia 14/08 e foi entregue bem antes no dia 04/08. 
Foi √≥timo!!!!",2018-08-05 00:00:00,2018-08-06 02:03:58
de2b1f63cd51551fbd806743709a6f61,36dfa5ee84af8da4fc7f9af242219972,4,Satisfeito,"Gostei das fronhas, muito boas",2018-06-06 00:00:00,2018-06-06 19:49:04
603b312d0ba6291ff8c7a0c68371e1a6,0553f54e437f2d7fddccf81ae9a646c6,5,Recomendo,Todas as minhas expectativas foram atendidas,2018-05-16 00:00:00,2018-05-18 00:14:33
6908d2d6c400073c9e85092337b529fd,f32569596f879e74fced40a4bab98fc7,5,otimo,chegou tudo certo chegou no prazo ou melhor chegou antes do prazo,2018-06-29 00:00:00,2018-07-10 17:07:48
4bbb2b339000f635e56a939f175e0244,02a96427d96112413499795f52a9a4e8,5,Muito bonito.,Produto bom ,2018-06-02 00:00:00,2018-06-02 23:58:18
87d4300b57b5031765ea07160423c188,68dac825547e9410f017e7d9dd6daee0,4,Recomendo,Sempre compro muito confi√°vel ,2018-07-27 00:00:00,2018-07-28 13:51:16
288d2aa55032cd33f456b5baf62bbb4c,b4fc7a3f3bf7a4c6b5b46291dd4be977,5,Entrega r√°pida ,Produto muito Bom!! ,2018-06-27 00:00:00,2018-06-27 17:53:50
7e4f821a651016b6374962f80062450f,7b3eaa9c1b740e4f097d60f54aa44ede,5,Agradecemos ,Tudo maravilhoso muito obrigada ,2018-07-14 00:00:00,2018-07-14 09:51:29
2d6da3f4fcf142fe04b68394e8a63a2e,9b7aee2b156bb9edca9034462053c87c,1,Ruim,"O produto tem uma p√©ssima qualidade, foi enviado sem nenhuma embalagem desente e n√£o foi entregue num curto prazo",2018-06-16 00:00:00,2018-06-18 13:36:52
d0c668505fa50ff38b8aab036ae92fb0,bdd09f356f1fb252571e6834bbea357a,4,Bom produto,"As toalhas realmente n√£o s√£o grossas, mas s√£o gdes e bonitas. P uso di√°rio gostei.",2018-07-03 00:00:00,2018-07-06 16:10:04
669c6d63a4b19c911e58af3c12a83e4b,5ce08134a7e1f35b93fe223acef734bf,1,Ruim,As ferramentas do aplicativo n√£o s√£o eficases. Solicitei o concelamento de uma compra antes da nota fiscal ser emitida a solicitacao foi aceita por√©m n√£o foi efetivada. O produto chegou .,2018-07-04 00:00:00,2018-07-04 22:06:45
00ff0e3316917167e229ca397ae212ce,77787bddc1466e4041a18a6109163e72,5,√≥tima,recomendo sempre,2018-07-01 00:00:00,2018-07-02 16:44:11
914fb194f53ea6bb3289cb8be568ef67,3bbd142d8543f96d104a83eda5465c48,5,Recomendo,Recomendo esse fornecedor,2018-07-25 00:00:00,2018-07-31 03:23:28
142e8caaa4b16240c5fc1118684c80fa,26c8454aafb0fe89ed0c10eb509ad574,3,5,nunca demorou tanto para chega os meus produtos,2018-05-29 00:00:00,2018-05-31 05:27:03
d2afe9603c1f04f142d8a7a11e389c06,08fa939ba176d6eb8430ef2990a68245,4,Bom o produto!,A princ√≠pio recebi um e fiquei chateada pois o pedido era de 2 suportes.Minha grata surpresa √© que hoje recebi o outro.Nao entendi mto bem pq o correio fez isso mas o importante √© que √© mto bom.,2018-07-12 00:00:00,2018-07-12 19:05:52
bc4200ea45f2647efd34a24c165bb38f,d05843f19339db42477d8855fa69026d,1,Tive que ir buscar ,"A transportadora informou que eu estava ausente em casa, sendo que passo o dia todo em casa n√£o teve nem op√ß√£o de ligar para reclamar ..",2018-07-31 00:00:00,2018-08-01 02:08:04
e5d38da54f31521c140f9fcdc9eb71f8,ed1d4b46f3903db668554c9c5b5a1d16,4,Bom,"S√≥ n√£o recebi a nota fiscal.

Assim eu perdi a garantia.",2018-04-28 00:00:00,2018-04-29 03:19:34
a9e89d06183d91e78bcb1e0dc67f28e8,ad27779fb29796c8d798f29aefedf3d0,1,Ruim,Ruim,2018-04-29 00:00:00,2018-04-29 11:43:57
b720c9da14e97b0ffaa5119f9043b73a,e15fc1d42ce26a4f976cbe33878fd4d9,5,Muito Bom!,Entrega r√°pida e tudo certinho.,2018-07-13 00:00:00,2018-07-16 19:06:02
6101ede9a090b17093f9e09f312034dc,6ac15d09391be5079d870678df7a2034,5,Super remendo,Entrega antes do prazo estabelecido,2018-05-05 00:00:00,2018-05-07 18:27:29
d766d5f9e0ca4884621d5e62c1c6d521,874eef9a84653f570656bdb0f8519151,5,Bom,Sem d√∫vida comprarei de novo.,2018-06-13 00:00:00,2018-06-18 00:49:57
3932906047a7d32bef9f69b580752a3d,338be6220254203898339bb8b6021138,5,Tudo perfeito,Mesmo com a paralisa√ß√£o o produto chegou antes do previsto. E vieram sem nenhum problema,2018-06-01 00:00:00,2018-06-01 09:35:08
6a7d91abcc12c1d59157f586c9914e38,2149fe82b3e2d55f500ffe8406412733,2,produto entregue errado,comprei a mochila da Patrulha Canina e veio a mochila da Frozen. Estou tentanto trocar o pedido no site e dar erro de conex√£o.,2018-05-05 00:00:00,2018-05-07 18:11:17
9d775e114e3e2c7c5164fbb5dfbd3be3,a8a6ba331df6f7b1106abbc30489c428,1,N√£o recebi meu produto,O meu produto ainda nao chegou!!! Desde 17/04/18 nao houve mais nenhuma atualizacao!! E o prazo estimado pra chegada do meu produto venceu dia 30/04/2018. Enviei v√°rios emails mas ningu√©m responde!!!,2018-05-02 00:00:00,2018-05-02 14:12:03
eef57dfbc02e3d359117c777d4b472fd,dd8d541616639212eb325bc7d015350b,1,N√£o recebi o produto,Pedi a altera√ß√£o do endere√ßo √© at√© agora n√£o foi alterado. Continuo sem a mercadoria.,2018-06-27 00:00:00,2018-07-03 14:59:42
021b1f221ff0f058c99448f8de890d47,0e1ab5408ec0c9ece6adcbb661b3a901,3,Produto errado,N√£o veio o mesmo produto referente √† foto no momento compra !,2018-08-18 00:00:00,2018-08-20 21:56:35
7d3225a861626266061ccf271a55c403,1b0bc119ea5ac37e73e2275afc7904ee,1,N√£o recebi os puff¬¥s. ,Comprei 2 puffs e um chromebook. A entrega foi incompleta. Os puffs nao foram entregues. Tento telefonar para reclamar e nenhum dos telefones consigo falar com um atendente. Lastim√°vel.,2018-08-23 00:00:00,2018-08-27 17:34:19
9a9162d4873a41a1b7a4a2ff2e548ba2,aa62e67d7dbefd7e1331d5975f61a404,1,Produto diferente do que ,O produto recebido √© diferente do especificado no site.,2018-07-03 00:00:00,2018-07-05 23:56:27
a4ef928996e2717e6c7e44bba205dbea,899b8d92e1bdaece69745ffcc3c47d08,2,CANCELADO_AGUARD._ESTORNO,"CAROS,

Solicitei o cancelamento deste pedido no mesmo dia em que a Nota Fiscal foi emitida. Liguei no fornecedor informado na NF e cancelei o envio da mercadoria. Aguardo forma de estorno Americana",2018-06-03 00:00:00,2018-06-04 11:33:27
331a63bf7e1fe910bd2679a9fd9c9309,e0281f23b49ca718b12ff1af3140db6d,5,Super recomendo!!,"Super recomendo, chegou super r√°pido. ",2018-08-03 00:00:00,2018-08-03 21:21:41
25aa51a8159df62d6734850cffbb725e,058d432115cdaa3b04a19b726bdd837a,5,√ìtimo,Gostei muito do site,2018-05-04 00:00:00,2018-05-11 03:48:04
a4f69d72afb893c200dfcc892aacad5f,24d505034382a8c43dd5524e1b4eb3fe,5,100000000,Entregaram antes do prazo...justo no dia em que aquele urso que minha sobrinha faz 15 anos e era o presente dela.....muito obrigada üíñ,2018-06-09 00:00:00,2018-06-09 21:23:07
e3bdcab1d3d048e54de9b88cf1a69b49,e5b203174e16a24326eca2118bf82a94,5,√ìtimo,"Apesar da manifesta√ß√£o dos caminhoneiros, o produto foi entregue a contento.",2018-06-05 00:00:00,2018-06-05 15:06:58
7daf837dafe98917149849d06104b4e0,5a39ba43f671c9ad40782147ec3a1997,5,Otimo,Muito bom ! ,2018-07-28 00:00:00,2018-07-29 12:02:40
f35ef452ee8be9623f725937bcd6b100,bea1ab5c0fe7913f170dd7e82e53dac4,5,Torneira com filtro ,"Excelente produto, por ser Forusi j√° era de se esperar qualidade.
Empresa vendedora e intermediadora que respeitam o cliente chegou bem antes do prazo !
",2018-08-18 00:00:00,2018-08-19 22:59:57
36282fdbf0292498bb3b69523970b9e2,b170f1243a620b65504157b83f69a2e0,5,Friso lateral onix,Otimo produto,2018-05-09 00:00:00,2018-05-10 09:07:20
5e797a7e563d5650a753de8c55ad3898,1f4994f63a494cae176662935b4a8342,1,N√£o recebi o produto aind,O produto ainda n√£o chegou,2018-04-28 00:00:00,2018-04-28 17:16:26
45f02b8a8986691c5702a0ebc5bb39ea,ba6b7c9ac45804edf2da548323f82306,5,Bom ,Recomendo ,2018-04-07 00:00:00,2018-05-17 12:16:21
0c1f99527e7ccc1721f0d5fec8cd26b4,040a4487d2c737f11caa0eafc5ba5cf5,1,Recebi a metade ,Veio apenas a metade do pedido.,2018-05-04 00:00:00,2018-05-04 20:35:06
0da64eb80b32150db814d8443fa4d6d4,ac3de6d7b9ec81af1efc301be217be81,2,Bom,"Produto bom mas, veio com a base manchada e arranhada. O controle de qualidade deve ser mais rigoroso.",2018-06-26 00:00:00,2018-06-27 14:16:45
24444f20002558c0482a322723ea7deb,5ec57659b85eb947cc673208c233ff65,4,√ítimo produto!,"Gostei do produto e da agilidade de entrega.
",2018-07-21 00:00:00,2018-07-23 20:38:47
cf681f3ac6da6785acb3498b03bf41d0,9dd59f7ebb5a498a78c92b880b30dcf1,1,N√£o recebi o produto,"Preciso do produto ,n√£o foi entregue ainda ,s√≥ est√° demorando um pouco . Sem coment√°rios ainda .",2018-06-30 00:00:00,2018-07-05 09:27:25
475816c39c114375279b786178656f87,f4cb34ec54f101a3e81f542b1a81eb00,4,bom,tudo certo,2018-05-05 00:00:00,2018-05-07 21:22:55
2a21a998494879b478ea2f722f431e21,a971cf0a515e6051941bd05ff3efc0d7,5,Zenildo,Eu recomendo aos meus amigos porque fui bem atendido na compra e na entrega tudo 0k,2018-08-15 00:00:00,2018-08-16 15:31:07
7ba7e53cd523e971e460e526ba0a516d,a56a69de5d08abcdd997b45a40cdbeed,5,Eu recomendo 100/,Produto original com garantia e eu j√° testei a panela de press√£o com visor √© muito boa e linda,2018-06-09 00:00:00,2018-06-11 07:16:20
4863b6e6dd930c3b47e6bfb6985f41c5,d6e1f6c47ebf654ee806ef2891e6b740,4,Produto ok,"Produto ok, entrega ok ",2018-06-09 00:00:00,2018-06-09 21:51:04
217c82e96cff6b77a652bc921b7b7261,494fa4e20c0a57c2f565a2d43a41462b,2,Produto Ruim,Rel√≥gio com Defeito,2018-06-29 00:00:00,2018-07-03 19:55:12
3ea144366203e37f38782aec10a5fca6,c7c0573cccba9f9162671f96f5f12e60,1,Produto abaixo da expecta,"Produto muito abaixo da expectativa e veio com o lacre aberto, n√£o gostei e j√° solicitei a devolu√ß√£o do produto.",2018-04-27 00:00:00,2018-04-29 19:11:52
8179eb34f345e70f71a4a3e7191f7ef9,f43f30b7f0ab764f863d9340e06c3f25,5,√ìtimo atendimento ,Muito bom o atendimento a entrega foi r√°pida e o produto foi entregue.,2018-08-03 00:00:00,2018-08-03 22:17:55
61b83d7df99b047c86d8c4d4fb2d841b,cc8ae3b6f1e14041c68fb899d1d83303,5,√ìtima,A entrega foi muito r√°pida,2018-05-19 00:00:00,2018-05-21 17:36:11
394480f8612b1f2f95b6d3af7ec00e51,612200d1732f963c7706d8da2517c04d,5,100% original,"Apesar de ser um prazo muito extenso q a loja fornece, mas o produto √© um dos mais em contas comparado a outras lojas por ae, aprovado em todos os testes realizados nesse modelo de cart√£o!",2018-08-16 00:00:00,2018-08-16 18:15:40
fa6b5066a6a79a2ec28d0237e0964ee3,f3381b1e6c37c70f2b3c9d211b166412,4,Entrega rapida como sempr,stark e a loja que entrga mais rapido.,2018-05-05 00:00:00,2018-05-06 22:50:40
fb0335a8e2c0d6889df5fecacf2d745f,e406f3cf4b3e23077d22eb4346d6471c,4,Parab√©ns ,S√≥ achei a b√≠blia um pouco cara pelo tamanho ,2018-08-21 00:00:00,2018-08-22 04:03:33
999b4c9d6d75ee9137452018aa38745f,75acfc4ebfc9ddb503a29002b31d8d80,1,Produto diferente,Comprei um produto de 180 reais e recebi um completamente de 50 reais. Um absurdo,2018-06-08 00:00:00,2018-06-09 00:27:26
b42930fa8858cb96c2a2721f08ed3348,53fa17c349c4b3dcbbadd8aad2eb559b,3,Produto errado,"Comprei o copo cristalino e chegou o leitoso. Serve, mas desagradou-me por ser de qualidade inferior.",2018-08-10 00:00:00,2018-08-12 17:45:26
09d2321ca5dc4e0698a2c080379f8640,e9200408a4afe99643102fe5ef8c66d5,5,Entrega,"Entrega perfeita!
Recebi o produto antes do prazo determinado...
Obrigada",2018-05-19 00:00:00,2018-05-20 14:19:26
40d789392c7b63f91b405df9e65690ca,df2bdc45d6c56cd6dce35aea5c391f4e,4,√ìtimo ,Bom produto bem bonito e muito bem acabado......,2018-05-05 00:00:00,2018-05-05 22:44:57
6ea3237d4ad737712b24994da700fb76,bb8f873e2d4e898546ba92f7febc7b34,5,√ìtima,Perfeito....chegou antes do prazo.....,2018-06-22 00:00:00,2018-06-22 21:34:48
f81072fcbb966d3ab0532a9af6c337d6,c0086672990e6dae8d6be4ccb38ab854,5,otimo,excelente procuto,2017-06-29 00:00:00,2018-08-14 10:39:13
473cb8ec2a0b5a090ab4f97d8190c089,5dd21baa3b88bf3e97bcc80aa1b0b52a,5,Super Recomendo,"Entrega antes da data, muito bom",2018-06-06 00:00:00,2018-06-09 14:00:05
f10f0d1fc381416ef05460708b593bc9,244eddf1bb79ed749213ea45709f87cc,1,o produto nao funciona,"Mandaram o rel√≥gio, ao chegar observei que estava parado.
Conclus√£o :
Mandaram produto quebrado.
",2018-08-22 00:00:00,2018-08-24 23:51:50
4c48489c297d6f0474d2c3a21be63e37,2ac76d681b26fb9a0bacc88b2e532430,3,produto devolvido ,"fui bem atendido, mas o valor cobrado foi divergente do valor apresentado no site(desconto de 5% pela forma de pagamento). mas tudo ja foi resolvido.",2018-07-25 00:00:00,2018-07-27 17:28:26
9315cd68ba0001afc679114845e04fed,b04860f9f7889ebd859a225e5fbaf743,5,super recomendo ,Produto muito bom e bonito satisfeita !!!,2018-06-26 00:00:00,2018-07-03 09:33:19
56cdff4c6edfb32be7475beba83af322,68e662b62c58ff7ef4002836145d6461,5,Excelente entrega!,"A entrega chegou bem antes do prazo estipulado.

Muito obrigada!!",2018-07-08 00:00:00,2018-07-09 01:05:38
ecbef60c998fa80d00b20c5d1eeece4e,15e67a6eec264915cd81f8f57dbacd81,5,5 coroas,excelente,2018-08-14 00:00:00,2018-08-14 17:52:23
4e879543f809f6cf533f35c3a476d910,2b9f8967c6489ea04357a9fc58740ae5,3,Ruim de entrega," Veio embalado sem prote√ß√£o, como √© de costume ser realizado pelos cautelosos.
√â de conhecimento geral, o Correios n√£o emprega muitos cuidados, por sorte, aparenta n√£o restar prejudicado. melhorem!",2018-08-28 00:00:00,2018-08-29 09:09:38
948486cd5f6b1d69a905ac8d8d43b34f,563cc94852488599d7c665e7f9fb7ab1,5,cicero,excelente parab√©ns toda equipe,2018-06-10 00:00:00,2018-06-17 01:29:14
12bf03d253a3253bc3e62b8eeb3c79e7,86430d523480a84b621ef0c347f56ff2,4,Muito bom,A entrega at√© foi antes do previsto..gostei muito,2018-08-09 00:00:00,2018-08-10 15:01:21
c0c1a27e21e4bc9475d8b555a7b06f78,bd9437912c7f33aee54e576b86b3a276,1,Zero,At√© o momento n√£o recebi e j√° estou pagando ,2018-08-19 00:00:00,2018-08-19 21:56:55
6b048ca3b7adff2d76c1d0fb61edd035,a137445b2ef43929329761dadf764f5a,5,Excelente,Produto muito bom...,2018-06-27 00:00:00,2018-07-01 21:03:16
e17cd3d18b99ea222cc54f772881239e,f6d2c5eb0b39fd69a64eb7c65a15ea2e,5,"Muito, entregou antes do ","Muito bom, entregou no prazo",2018-06-19 00:00:00,2018-06-22 00:57:40
b5c80e73aa9e3ed122d844a0c4f9f438,e0e836a1f8ee9e25d78d68727016e70d,5,Cola para C√≠lios,"Recebi r√°pido.....recomendo!
S√≥ deveria descrever a quantidade da cola no an√∫ncio!",2018-07-24 00:00:00,2018-07-25 17:06:10
a5f9ade8de727e28dbfb7a2ac9b31a52,01d2fc3e47376926a97ae795036db093,1,Produto chegou violado,"Minha progressiva chegou violada, al√©m n√£o estar lacrada veio com a quantidade de produto √† menos, faltando mais ou menos 200 ml.",2018-07-12 00:00:00,2018-07-12 20:05:50
09db4c326e7158211d66b9f994542274,5ad720f90855a1b905286d8a59dd0aca,1,PRODUTO N√ÉO ENTREGUE,Gostaria de saber pq o produto n√£o foi entregue. Gostaria de uma solu√ß√£o ,2018-06-07 00:00:00,2018-06-08 14:42:55
93255eaf81129d81e01fe868b88effb0,689d9b46b0376ea4ebaeac46ebd6fc18,3,Bom produto,"Bom produto, por√©m, no site achei que fosse bem maior, mas est√° bom. Recomendo...",2018-06-15 00:00:00,2018-06-15 23:47:42
2a13faf4c0273f451db3c47e3499621e,0ce3dcca0c123ec98cc73a514f7e9922,5, Rapidez ,Entrega antecipada e produto bem guardado.,2018-07-25 00:00:00,2018-07-26 22:27:26
aee7d954a0122fb807feadf0d54d584f,35990049382e07dba1a9ef3550cad655,2,Ruim,"N√£o foi como o esperado o produto foi parcialmente entregue,comprei 6 baldes de 15 kilos de impermeabilizante e recebi 5 falta 1 fiz uma reclama√ß√£o por√©m n√£o obtive resposta ainda,no aguardo",2018-05-18 00:00:00,2018-05-20 17:30:52
faa37bc9bd65952018be0bb674be9daf,99316aecfb3e31190e43714f7643a49b,5,Entregue! ,Produto foi entregue dentro do prazo e foi mais r√°pido do que eu pensava! Amei!! ,2018-05-15 00:00:00,2018-05-16 10:14:41
8a850152ac220811336e45ee139e51f3,4a21e3eb07861993fbaae74314b0d224,2,Descri√ß√£o incompleta,"No an√∫ncio n√£o diz o tipo de g√°s para utiliza√ß√£o, e infelizmente o que chegou n√£o √© o que eu preciso. Como a compra √© por empresa parceira, tu n√£o tem contato com eles. Tenho que devolver.",2018-08-02 00:00:00,2018-08-04 12:36:12
bcb72c350b76b7ebbc087aaa868ec9fc,9f05fdb62980c2ae6d8ad1e15bf7ee3f,5,√ìtimo,"√ìtimo produto.



",2018-06-26 00:00:00,2018-07-03 20:47:12
9d3d5e9384107404b15d2e0e39fded27,2afbd8a533424d5df3af9277ff0f3d1e,5,recomendo,muito bom,2018-08-01 00:00:00,2018-08-03 15:14:38
0a3786d1dc9e85d2defff87ca323e1f0,9b3aaef8e7908ab350a9de73399ca846,4,super recomendado,"Foi entregue r√°pido meu pedido, j√° comprei outras vezes pela lannister e nunca tive problemas. Recomendo.",2018-06-11 00:00:00,2018-06-12 19:09:35
84dd71d3d501150ca72819f4348f4257,fb6343faebbbee8c21d59d4ae59477a8,1,N√£o condiz com o original,"O cartucho que seria de alto rendimento, na verdade n√£o durou mais que 100 impress√µes, a maioria em modo rascunho.
Quando utilizo o cartucho 664xl original , ele dura em m√©dia o dobro.",2018-07-12 00:00:00,2018-08-13 14:55:36
14ae9e88c949988f0f23814d8043e6dc,1dec11386bca25ac9f2eb159feccd7ca,5,Cortina perfeita,Chegou antes do prazo e eu Amei. Logo logo vou comprar outra.,2018-05-11 00:00:00,2018-05-11 22:57:01
6d21e3404c14853bbf4c7c665d50f902,d897077d0836ffdc2178d70b3f680baa,5,Recomendo,Bom produto,2018-07-11 00:00:00,2018-07-11 16:15:32
f8845d4abdcc075c0f42b3f270d7b924,68c266b203d2b5b9e4f724d2b0bf532f,4,Pneu e suporte articulado,Show de bola continuem assim,2018-07-10 00:00:00,2018-07-11 12:07:06
3f16bcba53d04b019bb45fa1b738d9a9,acfd4e73993d49708599a826d48978dd,5,Excelente,"O produto estava pra chegar entre 8 √° 11 dias e chegou em tres dias, Pois estao de parabens!",2018-07-01 00:00:00,2018-07-02 13:04:53
978a351f1f15debe442db459be63fc13,673eb223ff385f5a14396580692d36ed,3,Razo√°vel ,Demorou muito para chegar!,2018-08-14 00:00:00,2018-08-17 02:11:09
c2d743e9cdfb74a2a007091fc658238e,b1a7bd6a9d10076c91e88bc510406b46,2,ressarcimento taxa de ent,"BOM DIA VENHO INFORMAR QUE O PRODUTO N√ÉO FOI ENTREGUE EM MINHA RESIDENCIA, FAZENDO COM QUE EU GASTASSE DUAS VEZES , UMA COM TAXA DE ENTREGA E OUTRA COM A NECESSIDADE DE IR BUSCAR NOS CORREIOS. ",2018-04-27 00:00:00,2018-05-07 14:16:40
e3b31cbeafd9737f8930ed267129512d,837e3c0c4c555ad4ea0e6110e7add004,5,Bom,Bom,2018-07-15 00:00:00,2018-07-18 23:07:41
8377cd2f7bb3af970f9ffc2c4197a846,75ff5ef357ea667a4852b346c50f656e,5,Recomendo,Bom produto,2018-08-18 00:00:00,2018-08-20 12:01:43
63db1bf10e37eb0e436e30e3f2520828,44cebed0f8ff5a7a11ea39b4ded680d9,5,Super recomendo!,"O produto √© igual ao descrito no site, entrega r√°pida, super confi√°vel.",2018-06-29 00:00:00,2018-07-02 19:37:21
b578a522fa08f8a3ed0a335f58c979c2,6709606f3773c59d8bed53c0d9bb614d,1,Lumin√°rias,"O produto veio faltando uma unidade, e ainda n√£o consegui entrar em contato com ningu√©m para solucionar o problema. Gostaria de saber como vai ficar agora?...",2018-06-09 00:00:00,2018-06-09 16:44:08
8a310b56e4d05a7786d23986a1a49ae9,c5a47daec61dfde191baca4e5c10668f,4,Recomendo,"O pedido chegou antes do combinado, muito bom.",2018-05-08 00:00:00,2018-05-10 17:19:17
4979fced5e7a43e34d6e00308531be2e,8fa4c1bf3c1b27d1349e2aa934aed53f,5,Satisfeita! ,O produto chegou direitinho e antes da data prevista. ,2018-07-13 00:00:00,2018-07-14 17:08:44
d2823b75f1491b787df846752d2c7ea2,70c93925111cd037297909641f16f2f4,5,Produto com defeito,N√£o consigo falar com voc√™s.,2018-05-23 00:00:00,2018-05-25 15:43:01
c47497b34b5d46522f1c0dfca5aac11e,7c77dfe4ee780d97bc7247d7aa809ab8,5,Satisfeita com o produto ,Fiquei satisfeita com o produto ,2018-08-07 00:00:00,2018-08-09 21:32:40
e074b0d8f0472f2774eeea013afa65e4,411282320ee1ea91c2fc8351aee73b05,5,Excelente,"Atendeu nossas expectativas, por√©m o frete n√£o veio discriminado na Nota Fiscal, preciso do comprovante de envio do mesmo.

",2018-07-14 00:00:00,2018-07-23 12:27:50
7682a15a6ab56ee9d11691344b85767a,9cbbee2d6fc84610e720368c09517556,5,super recomendado,Excelente satisfa√ß√£o,2018-05-04 00:00:00,2018-05-21 13:21:29
43e9279b8c4904c42a17664ce650063e,4abc7b5330425bcf9c2f7f48151a88c0,5,√ìtimo ,Nota 10,2018-08-08 00:00:00,2018-08-11 04:24:06
96e0c98f292fb4b937318a1c0f1d8c97,ece7b7cba1247b9ac059fc6a6528a075,5,otimo,"PRODUTO CONFORME FOTO E ESPECIFICA√á√ïES, MUITO BOM
",2018-05-26 00:00:00,2018-05-28 13:23:31
07fdad30f762f13f07085f3829e7a90d,d88a225d12c6ae71beab5cfa2e6e0b24,4,rack bike,Produdo atende a necessidade e entrega r√°pida,2018-08-01 00:00:00,2018-08-01 20:04:16
b5874b1ad918d422737da6d9c0e5b3eb,5e98ca2727e44977e9f5be0d45a0d369,5,Excelente,Agilidade √© semana um diferencial!,2018-06-12 00:00:00,2018-06-14 23:25:07
d4d357895c16d38791397d0025d3dab9,74c7bfdb692393ddd530050d9e775b95,5,recomendo,√≥timo,2018-08-21 00:00:00,2018-08-21 19:23:19
dff8808f6bf4de731c57bcf421a9aec4,3c5c6fad12cccea3829606ddd4c3b7a0,5,recomendo,Produto entregue no prazo combinado,2018-06-06 00:00:00,2018-06-12 22:40:49
f9aa6fc9c704abca98221664caed5fc8,f9f75601353a50e58746860ba04dc47b,5,Entrega r√°pida! ,"Entrega r√°pida, produto conforme anunciado! Recomendo",2018-05-05 00:00:00,2018-05-06 03:45:16
e6bbf288e0a786c5dd0bfdac598b4b7a,3fd1a0108718230e45ed596af3c04ab7,5,super recomendo,"fiquei super satisfeito, recebi meu pedido em 4 dias
bem antes do previsto.",2018-06-30 00:00:00,2018-07-03 14:12:37
be38d0d1cbdfba19e52e2453b1406fd7,cf44876bfd55ae8410f52472df9007fb,5,Satisfeito ,"Recebi o produto antes do prazo. Gostei muito do produto, mais bonito pessoalmente. Recomendo. ",2018-05-11 00:00:00,2018-05-12 20:02:23
f0234138a63f1298d79d517aee8537a3,1f460df7925acc891d9f98daa8aa0b29,5,Mochila √≥tima ,Sempre recomendo a lannister pois o atendimento √© excelente! ,2018-08-25 00:00:00,2018-08-26 19:00:55
e507391aa0b56b81113a38a1ce4b1fd2,bdc0bd072186ba7097165ec74875f0eb,4,produto bom,N√£o testei as tesouras ainda... mas parece ser boa. ,2018-05-06 00:00:00,2018-05-07 14:21:53
1687129d720c66653c7740ed536e7cd1,f67026e78b00cb23af0f2ccdb5ee8245,1,Entrega parcial,"Paguei por dois rel√≥gios, por√©m a empresa s√≥ enviou um dos produtos.",2018-06-09 00:00:00,2018-06-09 19:06:58
8335bd481e9d9c88124ada29314c4cd9,558b411669d1eaae0ee5ec3186559cce,3,Avalia√ß√£o,Bom dia! Ainda n√£o recebi o produto mas pelo rastreio vejo que o problema est√° nos correios.,2018-04-26 00:00:00,2018-04-26 13:34:15
b9321d1c3c2718f1242b5b73ac4be378,852fab0ef8986c549194d5959498f160,1,Produto P√©ssimo,"N√£o condiz com a foto, n√£o veio com as 4 pilhas conforme o an√∫ncio e simplesmente n√£o funcionou em nenhuma das 3 televis√µes Smart que eu tenho da Marca Samsung.
Muito descaso com consumidor!!!",2018-07-12 00:00:00,2018-07-13 12:50:27
84f9204184c9f3a2eb9c520feac49c9d,aabd0a7ecf741520be60dc59fc6002ee,5,Prazo atendido.,"Tudo Ok, loja de confian√ßa.",2018-08-10 00:00:00,2018-08-10 23:10:08
47e1b45b868488b943e59b34e40ada58,4418e54649d925fb8532ff8d11bcea61,1,Decepcionada ,"No site o produto parecia ser grande mas quando chegou veio super pequeno ! N√£o ter√° utilidade no meu caso pois comprei para guarda coisa grande e n vai caber !!
#Decepcionada ",2018-08-08 00:00:00,2018-08-09 12:51:28
3bc40d54515b0f128ea72832a7d7a42d,df162f4770df5501980a87aa661b5dd1,5,excelente,foi tudo normal beleza ,2018-04-27 00:00:00,2018-05-02 14:24:47
ef934cb281e0d78398561e5fc9c3806f,041d5ff28cb7d9b107b7461064dd40e2,5,Pre√ßo excelente!!!,Pre√ßo muito bom e produto entregue bem antes do prazo.,2018-05-24 00:00:00,2018-05-25 21:49:25
9aa20d5f7f7abeece2bf8ca9aff54c10,72bab69c50432c6f94d8b50a5f84b69a,5,Recomendo,Produto chegou antes da data prevista.,2018-08-18 00:00:00,2018-09-01 03:09:31
55698e73a4de33873edc3d522e9970e1,463270aee6f932c94319683e66e7e59d,1,N√£o recebi o produto,"Uma loja que vende um produto que n√£o tem em estoque ,e n√£o d√° resposta ao seu cliente.√â uma loja de estelionato.Nunca recebi meu produto,resposta nenhuma e nem reembolso.",2018-05-16 00:00:00,2018-05-22 17:01:21
ff99004bbc23c478c55deb58f70f915c,85d142633f7411ccb6c6af60c196b8c5,5,Otima,Muito bom atendimento e servi√ßo prestado!,2018-07-11 00:00:00,2018-07-12 01:57:19
c9c6dabeea910847620b3e648283aa4d,84e5cd0814900ddfdcc53213d07939e3,5,5,5,2018-08-24 00:00:00,2018-08-24 20:04:29
13164d9da17abb1a513eb773bff4f274,905f7a43f18905597465564ae6deb958,1,Recebi pedido incompleto,Paguei por 2 unidades do Perfume Miss Gabriela Night e recebi apenas 1 unidade.,2018-08-29 00:00:00,2018-10-02 20:44:56
7bc36f83eedf67afa8f468b859565787,b52d29abb97a3978df1d8922bfe36fbe,5,Recomendo ,Produto chegou no prazo e correto ,2018-05-22 00:00:00,2018-05-22 19:08:03
ac9d6dd0de13cd69d56b4adbd97a3170,d54f792bf7c14878fc42ba07c5512ead,1,Ainda nao recebi,N√£o recebi o produto nem retorno do questionamento sobre o mesmo...,2018-08-22 00:00:00,2018-08-24 09:19:51
a01f8065d7dfbb004d706d19286f61ae,ded777e28f1667b9bdaf988fea71c2fd,5,10 ,S√≥ veio amea√ßado um pouco em cima mais n√£o vou trocar n√£o ,2018-06-21 00:00:00,2018-06-23 00:45:21
8e3b8544af685b61074218b4cf5095eb,983878e0dee08c5570f8ec3162ac5927,5,Produto √≥timo ,"Produto √≥tima qualidade, tudo certinho , n√£o veio faltando nada e chegou antes do prazo de entrega ! Super Recomendo! n√£o vejo a hora da minha princesa nascer para usar ele!",2018-04-27 00:00:00,2018-04-28 12:24:15
5d70ad634ec321128ddd4448ffd4e745,8a268898598fdef7f8a38b795bc111d9,4,bom,gostei muito s√≥ achei que ap√≥s a confirma√ß√£o do pagamento demorar√£o muito para postar o produto,2018-08-22 00:00:00,2018-08-22 19:10:08
ea0f3f179adcedfa5eb7bc3e72639249,111647853c748737a4d90751bcc75db9,4,bom produto,"bom produto,estou sastifeito com o produto eu recomendo.",2018-06-15 00:00:00,2018-06-17 12:29:17
59ff6058084032df459771bf139a4fc6,2ad833b9fd5613588e248a6973e94de4,3,Bom,"Bom, comprei de presente para meu pai que est√° acostumado a usar rel√≥gio Orient autom√°tico, n√£o gostou, pedi a devolu√ß√£o do produto",2018-08-30 00:00:00,2018-08-30 22:01:15
e4db9d36ade437303fb88b5b309d954d,877e88c213b1ca25f07ece4878bb8acc,3,M√©dia,Preciso que vcs resolvam o meu problema de trocar o produto,2018-06-05 00:00:00,2018-06-05 20:15:37
3c33ae6190937c63dff9fa81950f67d6,f4b2e1f6d7efad219764d0da00936947,4,Tudo ok,Conforme solicitado.,2018-06-08 00:00:00,2018-06-08 20:28:23
074f20c50a2536c4ccec2ce93cb3f55e,7cdea6836b6842b3a1f5add3d236395e,5,Recomendo. ,Atendimento perfeito. obrigada,2018-06-13 00:00:00,2018-06-16 20:11:39
727ba168e0c3df973c3ff4b7c4fba7c8,e13c7d85f07a4e00c383115a154dcc39,5,*****,Sempre bom compra na stark,2018-05-10 00:00:00,2018-05-14 16:53:59
e23aeb0db21c9d603790e7d5f37138b1,9863811d92f6ae6fdc407813b2e6a285,5,√ìtimo ,"O produto chegou antes do prazo, e veio correto. Recomendo muito!!! ",2018-05-22 00:00:00,2018-06-03 01:06:56
346045b537487bed84f8974580a7d5ea,5aeace5c1d1829eabacd16ce59404a60,5,BOM,"PRODUTO CHEGOU NO PRASO, MAS COMO SEMPRE, QUANDO VEM VIA CORREIO, QUE DEMORAAAAAAA",2018-05-04 00:00:00,2018-05-05 11:34:11
0d198f187cfdbee866dbd55b6bf2ab42,f5e55d131e51bd5f0dccc56c9096a951,1,P√©ssimo ,"Paguei duas lumin√°rias e recebi s√≥ uma, estou tendando devolver desde o dia que recebi mais ate agora nada",2018-05-08 00:00:00,2018-05-10 12:42:20
94f79332384620f91921822bded6f0c7,04c0dac88714e8ee1ca2c0254cab2a22,5,Sabonete para mamadeira,Ok,2018-05-18 00:00:00,2018-05-21 09:41:25
8c58dbef29f1569b4adf51f78b064bc9,a6ade711f329afba041f4c8cfa9ec963,1,Atraso ,"No momento ainda estou aguardando o produto .Ja mandei dois emails e n√£o obtive resposta .Falta de considera√ß√£o com o cliente .Estou triste porque sou cliente antigo da lannister , ja o parceiro.....",2018-08-12 00:00:00,2018-08-12 12:15:41
fe989eb8a4a3289b018ff39de1909da4,f2580bf652929f436d44764e3d41f1bf,5,super recomendo,"amei, e ainda veio antes do prazo",2018-05-01 00:00:00,2018-05-02 11:52:31
0cbb6c4a0dd218723fa235bf6941308c,f8631b34c3dfdad3833c611007f62455,1,Produto bom ,O tamanho √© pequeno e percebi depois que no an√∫ncio n√£o d√° destaque as dimens√µes do produto. Deixa a desejar ,2018-05-03 00:00:00,2018-05-03 18:10:32
1bc48a291d664333f7b2bc7f0beea25e,a231037428b0d6c4288432191551c3e9,5,Muito bom,Eu gostei e recomendaria ,2018-08-24 00:00:00,2018-08-24 08:23:08
e87f32ead986ac6bcf79a0773c84844d,4328a3227949bd5087871131a3e852a1,1,Produto n√£o entregue ,Produto n√£o foi entregue at√© o momento e ningu√©m entrou em contato. ,2018-08-09 00:00:00,2018-08-11 14:26:47
8c2530791b2510a4b8f474cc52f49847,752829804c0080d1b395f5c9e8801e39,4,Gostei do produto,"Produto bom e barato, n√£o fiquem esperando milagre do produto de menos de 20 reais.

Por√©m muito bom mesmo !!",2018-05-18 00:00:00,2018-05-21 00:29:06
758a0aec2e697fa2f126e6005766ff18,a6e7a9c6f4effc360a418d5bba41ba03,5,R√°pida a entrega.,"O produto √© √≥timo, o esperado. A loja super r√°pida sem enrola√ß√£o para entregar. Gostei.",2018-07-14 00:00:00,2018-07-14 15:35:28
b98ea20ee31aa81c336c4e25d8a1e78b,abbfc7ae64d171744f8143a68e3cbe1a,3,Recebi somente 1 de 4,Fiz o pedido de 4 unidades deste produto (Mochila de camping 60L da marca denlex) mas s√≥ recebi 1 ,2018-06-14 00:00:00,2018-06-15 14:54:43
c283d0d038a6bc351e3dcfe240a64a4c,65035f2d005e9af22156150a3bde53b2,4,Otimo,N√£o obtive nenhuma resposta sobre o cart√£o stark,2018-06-12 00:00:00,2018-06-19 18:31:05
e81c21fe6270348e19a32710db8fb118,febbb5a06ba3e1a76d7074adb56ff587,5,super recoemndado,Gostei muito ,2018-07-03 00:00:00,2018-07-03 16:41:18
debdd37d200f3eee64aa9d3c370669de,a607d901010a9e02c14000b08e15cfe3,5,excelente,"muito bom o atendimento, controle e entrega.",2018-05-12 00:00:00,2018-05-13 08:32:06
90870d0a52a4a15fa8a63b6cd56fa613,047e0e88828680c6cd9c476d555823e2,1,Nao Recebi o pedido,"Ol√° 
Boa Noite
At√© o momento nao foi entregue o meu pedido de capa para notebook que estava previsto para ser entregue entre as datas 28/06 e 29/06
Gostaria que verificassem o que aconteceu?
",2018-06-15 00:00:00,2018-07-07 04:41:28
6b1678d9ffc37c6016a8c2f73f2a4446,48db59db0fa80043cb67ca9990c96b4b,3,PELO MOTIVO DA DEMORA,"ATE HOJE AINDA N√ÉO RECEBI MINHA MERCADORIA, ESTOU NO AGUARDO.",2018-08-09 00:00:00,2018-08-09 17:17:46
fbdf6fd82dd1af8d026926afb3db95b3,c4bd023ec3c8f99bdc3a817584217988,5,Super recomendo,"Parab√©ns para lannister.com, compra super tranquila.",2018-08-07 00:00:00,2018-08-08 10:57:36
4b01fb5f37c6d5fc4bf47b0735b07142,ddbbf91a5dc91f4757ad2ed77ab9616b,1,Material faltando,"Bom dia
Comprei 2 controles e chegou apenas 1",2018-07-04 00:00:00,2018-07-05 10:38:54
f676b4a89abc42681e4cd67dfb2621d5,637617b3ffe9e2f7a2411243829226d0,4,bom,produto de qualidade muito bom,2018-05-10 00:00:00,2018-05-14 20:59:44
9528c6f7377b78f7cc8c4d4540e0198b,50aac4af5f330951d508c0c255fde322,4,Entrega r√°pida,A previs√£o para a entrega era para o dia 19/09/18 e me foi entregue no dia 26/08/18 em perfeito estado. Parab√©ns a todos! ,2018-08-27 00:00:00,2018-08-27 16:49:00
bf2789483828a4780f267a190233fefb,1edc1b84ccb3322ee9f3c206a12c17ce,4,Recomendo esta loja ,"Produto atendeu as minhas espectativas, de qualidade, como descrito. ",2018-07-27 00:00:00,2018-07-28 00:29:57
9e62e6de05c4ddb957605ca9aba88435,8a02059055e25bfefbd27fa0d9d1a5dc,5,Muito recomendado,Produto de qualidade. Conforme a descri√ß√£o.,2018-06-23 00:00:00,2018-06-27 14:53:01
0f952ad4dfb88a77f12211a4038c70dd,f9281da15642bc69f27307e1dc987b30,5,muito bom produto,"Entrega no prazo , bom produto .",2018-05-25 00:00:00,2018-05-26 16:27:02
230ae9217a53de3e0f593447eddc1e12,8f078af5f7dd54fad5abd423dfb4aad2,4,Tudo certo,Boa ,2018-07-03 00:00:00,2018-07-05 21:06:57
b035c46fcdf5795bf0cdae834d4f392f,a6ee9db107e8fd0fc14d99be85503396,1,Meu produto veio errado,Meu produto veio errado outro modelo fui trocar n√£o tem mais,2018-06-06 00:00:00,2018-06-11 20:54:18
cc451beb8ef5ce647e45002b9b484390,013a98b3a668bcef05b98898177f6923,3,Recomendo,"os produtos comparados form entregues antes do prazo.
Mas o valor do frete esta muito alto.",2018-08-18 00:00:00,2018-08-19 00:07:35
af6e5634ebfd6e96c0250304a8cc0e93,e894c57e9986a9c5936b17fe19400a6a,2,Razo√°vel pelo pre√ßo,"Mais a colcha escorrega muito
E os enchimento era pra ser de travesseiro mais √© almofada √© alto √© duro n√£o d√° pra usar como travesseiro",2018-05-18 00:00:00,2018-05-20 11:03:44
8b3a8ad12efbf21d2a03b772fa635801,3502e8bea8fdd4b3d742891e1a1b8d90,5,maravilhoso,"produto igual a propaganda, muito bem acabado. maravilhoso.",2018-07-24 00:00:00,2018-07-24 14:41:38
5a4502a7144cd0fabb30da633bd92d6a,5b664e80ddc573f779bc4b33c7a457ea,1,Paguei frete em v√£o,"Paguei frete para que o produto fosse entregue e tive que retirar na ag√™ncia do Correio!
",2018-05-01 00:00:00,2018-05-01 17:20:53
fa5fb0bef7578e15dea481c9a33054a7,97a8e78c9b29af3ed3a454d82a5ed310,5,Excelente loja,Adorei o produto e o carinho o brinde!,2018-05-04 00:00:00,2018-05-04 17:30:50
e5ceaf549703db2df2ca9d7fd6250592,2fe8d06695835130f65178317d0be4c7,5,Produtouito bom,Produto MT bom,2018-05-30 00:00:00,2018-05-31 22:19:13
5c21268a0f8bae726edb3aa4db3e6bde,0036757472ece3dde52fd4bfd929c90e,2,Mesa com cavaletes ,"Demora absurda para entrega, dentro do prazo especificado por eles, mas ainda sim muito demorado!",2018-08-10 00:00:00,2018-08-14 02:57:36
b80ebd05911ec6272b36323c5a26ef34,f5be733557bb83f09c694272a7d21d74,1,N√£o recebi meu produto,"N√£o recebi meu produto, quando foi entregue?",2018-05-22 00:00:00,2018-05-22 21:58:26
98d3a00cdbd516e9f89586125b88d59a,3e36ac046e031f1d3e1f8ce6767c018c,5,Produto bom,"Produto bom, foi enviado rapidamente ",2018-08-05 00:00:00,2018-08-08 19:52:43
8fc496637461d312472c424d55662b5f,4a361afb3224a82115cdd08fb60b0528,2,Produto quebrado,"Recebi meu produto e est√° quebrado. N√£o consigo devolver pq o site das Am√©ricas n√£o deixa.
Preciso de um retorno",2018-06-23 00:00:00,2018-06-24 02:00:47
09e73c4728b6052f2a9fd5ee7b6221f8,00611822267e76e0055c25c18506f06e,4,recomendo,comprei a fam√≠lia incr√≠vel em 26/07/2018 e chegou em casa 31/07/2018... me surpreendi!,2018-08-01 00:00:00,2018-08-02 12:49:34
d82f3388882fd96292f980e2a76c6f4e,da17a7a38c09dce18dcf5af9fdb27e49,3,Meio satisfeita,"Fiquei mt satiafeita, mas pensei q era um produto e veio outro. Pq pela foto parecia q era uma colcha e veio no material de len√ßol. Mas td bem. Nao tem problema. Sempre comprei neste site e confio.",2018-05-17 00:00:00,2018-05-20 13:36:45
c8d86e9469cc55281daf9bb4a3f17507,ab960bedab25b686fc5202ccf9be3094,1,"Pus 1, mas √© zero estrela",Venda de cartuchos falsificados/usados (mensagem da minha impressora HP quando tentei instalar os cartuchos). Provid√™ncias somente sob press√£o. Enorme perda de tempo com todo o processo. ,2018-05-15 00:00:00,2018-06-12 13:10:24
49e1f19a8467fcff8b759692431d3e44,604eadfa781354090d53180d97b11dca,5,super recomendo,nota 10,2018-06-08 00:00:00,2018-07-03 14:42:10
c3e8cd83117a3b560a2f191dc07bc07e,835dcecf534791041554b984434d72a0,5,"Aprovad√≠ssimo, recomendo!","Nunca recebi uma encomenda t√£o r√°pido assim, o produto chegou perfeito do jeito que eu queria e super r√°pido.",2018-05-17 00:00:00,2018-05-22 20:29:32
05d8e3e070a820150bee6185b0f93dcc,d4e84d2279af74e9336d0c786d6abb78,5,Super recomendo,"O papel de parede √© lindo, supera todas as expectativas. Produto entregue antes do prazo. ",2018-06-12 00:00:00,2018-06-12 19:34:28
8cfd16cb42030ade9c35b2e614c62c9b,8a2a5c9ec8db9fd57f3af20fb4fa32af,1,n√£o recomendo,"eu recebi o produto com defeito quero devolver e receber vale compra, ou o estorno do pagamento,
eu ja tenho outro produto no carrinho pra resolver esse problema , porem n√£o consigo um atendimento 
",2018-04-25 00:00:00,2018-04-30 17:38:47
aa06519a57b802f420fd54410ad60613,8258256a5491a4e80cbc6e6d15362318,1,Entrega Danificada,"Produto chegou danificado, com rachadura no corpo da fonte, entretanto funcional.
Mas o fato do produto chegar dessa forma, demonstra que o vendedor nao tomou os devidos cuidados no envio.",2018-08-24 00:00:00,2018-08-27 18:35:03
48198628b2d43ed394089750acc59c3f,b059ee4de278302d550a3035c4cdb740,5,Gostei,Os produtos s√£o de boa qualidade e o pre√ßo que adquiri foi excelente. ,2018-06-27 00:00:00,2018-06-30 01:48:53
b8674b8f80fe97bdd75f7206a88e52c3,9b4d22bcdc311314f200a33d155c6223,4,Produto bom,"O produto aparentemente √© bom, um pouco fino. Por√©m ainda n√£o coloquei. √â igual as imagens postadas. ",2018-07-14 00:00:00,2018-07-16 15:31:04
cb804e64a838d3de2e7221e655564dd6,b9f5ca0dd8ac07db0b02705dc2be4d21,1,P√©ssimo,Fui enganado. ficou faltando um produto e me entregaram como se tivesse o pedido completo. Compro na lannister..com h√° muitos anos e nunca tive este tipo de problema antes,2018-05-05 00:00:00,2018-05-08 15:14:57
dd7ad46e529dee82ac30a6f2561e0aa3,159b0ce7faa02427505f3ce47f48e933,5,recomendo,√ìtima loja e produtos,2018-08-29 00:00:00,2018-08-29 11:31:04
4a93de6c66dee67442f7cbd44428f399,37cd892c7a6275aecbe6dfdcee8de6b7,1,Produto errado,"Parceiro ruim e metodologia da lannister p√©ssimo. J√° tem quase um m√™s que recebi o produto errado, tive de comprar novamente e as Lojas lannister n√£o tomam nenhuma atitude, s√≥ ficam enviando pesquis",2018-06-03 00:00:00,2018-06-06 22:46:26
c0415aaa5961be1afb2ac44b1aba62a9,c7542d0d83ead101b058770578cc04c3,5,√ìTIMO,R√°pido no envio,2018-08-07 00:00:00,2018-08-08 11:24:47
d7571a8910cfc6319c8acbba887fd33b,e2047aaabab2869c1080a51c3e6b64ce,5,Nota 10 ,Comprometimento e dedica√ß√£o com o cliente.por isso indico pra quem est√° com alguma d√∫vida referente a loja;e sobre o produto atingiu perfeitamente as minhas perspectivas.,2018-06-20 00:00:00,2018-06-21 10:11:36
3f85a26bccdb16e93404977e4458f4f8,dcfe9b5776f30f14bdb7c5505d269c08,5,Gostei,Foi entregue r√°pido e gostei do produto!,2018-08-14 00:00:00,2018-08-14 22:45:33
faee1f64c6044a5a2fa2f50148970a6a,fdae59a84d3050deb2efafd6b04ff6ef,1,Produto incompleto ,Eram duas mochilas s√≥ recebi uma quero uma posi√ß√£o urgente ,2018-06-19 00:00:00,2018-06-19 15:37:54
f58e101a608c58feec03f4c4da4b40f2,6d5b02afa38b0682ac9c0ca1cc98b463,1,Vende e entrega outro,"O produto que comprei, foi o da foto... o que foi entregue foi completamente diferente, da marca da empresa que forneceu... comprei cart√£o Henry, n√£o cart√£o Evolution...",2018-08-24 00:00:00,2018-08-25 12:05:56
a044b43449d1918cdafb85c0acd1b3bc,4ac6060d367c21fb5bf12144a6e8f8d2,5,Excelente,Excelente vendedor!√∑# ,2018-08-17 00:00:00,2018-08-19 05:30:23
202beb116c623e7006740695e0d86694,52dad0f7bc913b9f6bee5df584adeffb,1,Quantidade errada,"Dia 06/06/2018 efetuei a compra de 2 capas cases e 1 HD externo.
Dia 12/06/2018 recebi apenas 1 capa case e na NF que acompanhou a capa case consta a informa√ß√£o que foi enviado somente 1 produto.
",2018-06-13 00:00:00,2018-06-20 14:24:52
c10d80738052c682f1891cc0a17eabe2,7595f9b8e070df43bea3c85e1e25d361,5,üí•üí•üí•üí•üí•,OTIMO,2018-08-10 00:00:00,2018-08-13 11:15:36
f2b108c5d11272b82ad5a4df7e65b251,7948985f993a3dba42989d5ffef9435d,4,mec,"achei a entrega relativamente r√°pida segura, com o estado do objeto intacto ",2018-05-08 00:00:00,2018-05-29 03:31:21
114f05d58480b9bae166c47484d94919,3f728c09846bd39666acf05416a9fefa,5,Compromisso,"Produto foi entregue dentro do prazo, foi possivel realizar o rastreio e acompanhar as etapas. Aparelho veio bem embalado, realizei alguns testes e o funcionamento est√° ok, produto de qualidade",2018-07-17 00:00:00,2018-07-18 00:29:10
8dc4b669b1465aef8a01d62a02cf7fa8,30727429f8337a76c80a10e0540ce073,5,Super recomendo. ,"√ìtimo produto, entregue antes da data prevista.",2018-06-23 00:00:00,2018-07-12 23:28:01
942b80d4ef75431810f72478afe1ae93,390a142c6e05da81665de637c8460ca9,5,muito bom,excelente,2018-05-09 00:00:00,2018-05-09 21:36:39
95499e20459448a9a2f3849c7d523905,173426e15a3e72e3bc27ec26ebd8b526,5,Recomendo,"Excelente perfume..
 Recomendo a todos",2018-05-18 00:00:00,2018-05-20 18:02:15
eb508a1736bce043a9ca1759567e89d9,2e1280399c65455d35233b8e0144d883,1,P√©ssima qualidade do prod,"Produto de p√©ssima qualidade, o teflon solta com muita facilidade na hora de cozinhar, s√£o extremamente finas, em uma simples lavagem de lou√ßas voc√™ consegue amassar as panelas, n√£o recomendo",2018-06-22 00:00:00,2018-06-24 18:56:34
c028eb71f53d52fdeb2a3b015eb489bb,a187f41f4cc3a98eaf1e82f8b79c6fb2,5,super recomendo,PARAB√âNS MAIS UMA VEZ PELO COMPROMISSO ASSUMIDO E CUMPRIDO.,2018-07-27 00:00:00,2018-07-27 20:05:40
ac6cac9eda27ea7f850dcee5fe1bed74,1da4a48423b45db9eb872fbd7b5eaccb,1,ainda n√£o recebi o produt,estou aguardando o recebimento do produto,2018-06-10 00:00:00,2018-06-11 19:54:26
1f2c9f227fdead7f193b3b6751f16c44,f2d5ab09d0a8af8a6c3b93031647b532,1,RUIM,recebi outro produto e at√© agora n√£o tive retorno para fazer a troca,2018-08-03 00:00:00,2018-08-06 15:56:05
798cc565067f124693bfbfac1ca706a7,9e73206bec0372cd5c586577e7910236,5,recomendo,recomendo,2018-06-05 00:00:00,2018-06-08 11:33:59
5dfe0873bdf82b91598614728b95cdb0,91eef134a9dc65e566fde368f1772b93,4,Satisfeita,Recebi antes do prazo de entrega.,2018-06-03 00:00:00,2018-06-05 23:29:19
e6ba56967d266c1cedfcb93824075cb9,f91c5f1e1175df3a7bb0aea646ca91fd,5,Bom,Gostei,2018-05-17 00:00:00,2018-05-20 13:30:01
25bc38b49fe134f684131b07236c607e,64ae773be04783279d6b0763dc3cfcba,5,Fen√¥meno ,"Muito boa a loja! E o produto chegou dentro do prazo, em perfeitas condi√ß√µes. 
Espero poder comprar mais nesta excelente loja online! ",2018-08-17 00:00:00,2018-08-18 16:23:37
98a3e1b44b9ad1c44ce10bdbb133736f,25807a51c61f06771f0f60e39ca18c34,4,recomendo,Achei um pouco fragil,2018-04-28 00:00:00,2018-04-30 13:00:43
0fc9093b0259417061cf203c213f3ab5,0a44ca66dfa067a69bc92ef82ba68acf,4,√ìtima. ,"Produto atendeu as expectativas. Comprei para a minha namorada, ela gostou muito.",2018-05-20 00:00:00,2018-05-20 23:15:19
a8886e28d64275e6cb90eca7a708d490,e93910bafae4cbaa0f18ae0d66959cc5,3,Recomendado,"O produto √© bom, mas o vendedor precisa ficar atento a qualidade do produto.
O meu produto veio com um furinho, que parece ser de alfinete, mas que para mim, ficou escondido.
No geral, o produto √© b",2018-05-05 00:00:00,2018-05-07 21:45:50
71b6617ad10ae28b57c73847913d733e,9b1648c7cc0c6b1ff9b380903bb559be,5,√ìtimo ,Excelente produto. Chegou antes do prazo. Recomendo! Parab√©ns! ?,2018-08-08 00:00:00,2018-08-13 01:14:48
f3f295cdfed2f2937d8fc67f921c22ea,bee3c772bf29c9b56628b4fc2206fc9a,3,Bom,O prazo de vencimento do produto √© curto para o ser consumido. Vencimento em 08/2018. Esta informa√ß√£o deveria ser sinalizada nas especifica√ß√µes do mesmo. ,2018-06-03 00:00:00,2018-06-03 17:55:05
bd9b3ed570ae0c9ea4f1925edce64335,a695e8fc1b0a6e9c814da33ed8cd9703,1,Produto n√£o entregue.,"Infelizmente, a empresa trabalha com os Correios, que nunca cumpre os prazos de entrega.",2018-07-27 00:00:00,2018-07-27 16:40:02
143dafdb388bcd1de451f7f0034b1a34,dc2b85f0ddea6ef19805bc5d4d599c53,3,Frete,Paguei o frete at√© a minha casa e tive que retirar nos correios,2018-06-22 00:00:00,2018-06-24 18:04:11
f9b97f92134a04c49b083c5f96c8ee05,a297e4ba9ce71eebc150ae6ca85e1bcb,3,tapetes automotivo,"Ao contr√°rio do que era anunciado, o jogo de tapetes automotivo N√ÉO se encaixou corretamente no Citroen Aircross 2018, principalmente o do motorista. Mesmo cortando partes dele N√ÉO ficou legal.",2018-06-09 00:00:00,2018-06-09 22:09:03
38df60295c11344f0dd213f6a4b55740,0c986e5002868d137f566b34fb183827,4,tudo ok,tudo ok,2018-08-04 00:00:00,2018-08-04 20:08:18
d41f82c1a9b9fbd6a37b99a8483d2a00,70f0b4dfaf32a6a528f14215e154792b,1,Gato por lebre ,"Pedi uma coisa e veio outra ,era para ser um chip micro sd xc e veio um micro sd hc ,vers√£o ultrapassada dos micros sd",2018-06-05 00:00:00,2018-06-05 16:53:01
96e8d29de2b2ee46fb52c662fa8bc818,9004b30a5d18b572f851753f41d795c8,5,Recomento,satisfat√≥ria. ,2018-07-25 00:00:00,2018-07-26 01:57:18
26099ad859c9a69ee8ce1fd95f0b0ea9,13753a4e6ae3b0201fb95003db4af823,5,remcomendo,muito bom,2018-07-21 00:00:00,2018-07-24 13:50:04
2e3a7d7f1689518f77eeb130dbd7a1a9,54a05520cf3e089ebf5dd8575f9ac38a,5,"Bom Vendedor, recomendo","Excelente vendedor, super pontual, entregou at√© antes do prazo.",2018-07-25 00:00:00,2018-07-26 13:47:08
240d9c8c9ca781eadb396239bb200bcc,be65bdeffac02d6d8d3b667875e6da05,5,10,"Entrega r√°pida e segura..
Produto de qualidade ",2018-07-28 00:00:00,2018-07-28 19:59:23
a66f92eb10c1e19b448c55e03a2249d5,aa57c8f21178b5061a77762e7efa5828,4,trocaram o produto ,"trocaram o produto sem me avisar.
veio um bilhete junto com o produto entregue, avisando da troca e se disponibilizando a enviar o correto quando voltasse ao estoque. Imagina o trabalho que eu teria.",2018-05-24 00:00:00,2018-05-27 19:14:11
b2613d80a190a5250809e0564b5c182e,922dcd32a34436569d5b2ce409862511,5,Perfeito,"Muito R√°pido entrega, kit capinha e peliluca perfeito. Parab√©ns .",2018-05-10 00:00:00,2018-05-10 19:56:25
71e7326c5bea7fb4b7257108e1ffdca8,c695330abad3cd98237dc4604401af7b,5,Entrega,A entrega foi realizada antes do prazo estipulado na compra. ,2018-08-31 00:00:00,2018-09-03 15:54:16
2a5bccee3f53165524ff5cc7fb0adb0c,192162688f179d526243e303ed01abe6,5,super satisfeito.,"produto de qualidade, entrega r√°pida, recomendo √† todos. ",2018-06-09 00:00:00,2018-06-14 20:37:44
9ada1209537d764f18ae7803186f82bc,f5354051d307a0a1205617cd0f0c1211,3,RECOMENDO,UNICO PROBLEMA E A DEMORA,2018-04-27 00:00:00,2018-04-27 16:18:54
89c15bf63c10e50637f4a3a37cc260b7,b36f6a292525ebee68392ea412e750c2,1,kd o produto,kd o produto companheiro,2018-06-15 00:00:00,2018-06-15 22:47:33
530780aff6e6e975b7d27dbeb9364edf,7a309e99001d2a284a1747c7cc4186bc,5,PERFEITO OTIMA QUALIDADE ,"Adorei , entrega super rapida produto de otima qualidade. Parab√©ns a loja ",2018-05-09 00:00:00,2018-05-10 02:17:23
110e233ff43f651ddca445e80d6746cf,344aec04212ff4fb3b73f86f50ad49b9,5,Muito bom,Produto chegou bem antes da data prevista ,2018-05-24 00:00:00,2018-05-24 21:23:01
04c7cb28485695aa38893949ae374f06,11ff5f9ab62000ad8044352a96ad4ebf,4,ENTREGA,MUITO BOM! EMPRESA SHOW...,2018-05-19 00:00:00,2018-05-22 11:22:13
4b4faf5c9c359c7365456c9c0b6f7903,9598b1f75e82917256f2fda897e5dbdf,3,Recomendo,Recomendo,2018-05-29 00:00:00,2018-05-30 16:23:17
59e033c526aa5f13962a7c4048146d82,a146cb08a9ef742c36b2e4052d3a24b2,1,Decepcionada,Veio o produto errado. N√£o costumo ter problemas com compras nesse site. Mas dessa vez estou decepcionada. Preciso de uma solu√ß√£o urgente.,2018-07-03 00:00:00,2018-07-06 14:53:50
ed625b804bdea4b2f5e5d59ed0dfe9c2,2c0e90a2bdcffa59af23fe752aa40541,1,porduto n√£o foi entregue,Meu endere√ßo √© muito f√°cil. Tudo que compro pela net me √© entregue. A targaryen alega que o endere√ßo √© errado. Estou muito decpicionada. Quero meu produto. Falta de respeito com o cliente. ,2018-05-31 00:00:00,2018-06-01 23:24:33
8a58119f7087433f3f42e2f9c9d175be,0996d6fb4402593986c6b1541bfcb4cc,1,carteiro sem no√ß√£o,"tudo que eu compro sempre chegou sem problema algum aqui na minha resid√™ncia. o carteiro reclamou de n√£o ter ningu√©m em casa, e que na rua n√£o passa carro. nada procede...covarde!!! ele n√£o veio mesmo",2018-05-17 00:00:00,2018-05-20 15:20:51
81a63910ec1c2d4282b6d80a6f7b346d,1b4ef3bdad72cad23a9bd4b06f87ab7b,5,√ìtimo!!!,Recomendo!!!!!!!!,2018-08-14 00:00:00,2018-08-16 12:27:06
381288331877d8056e8fe7c3e1aa6866,e1fa2787ce8e0bf4ddf128a263acad6c,5,Produto de qualidade,Produto de √≥tima qualidade e recomendo a todos.,2018-08-17 00:00:00,2018-08-18 00:50:14
f5e69a059668d5a91994bb5881059133,06d9e69034388abf6da64378e10737b8,3,Faltou um item,"Pedi dois tapetes, mas s√≥ chegou um.
Estou aguardando chegar o outro.
Espero q chegue logo. O q devo fazer???",2018-08-10 00:00:00,2018-08-12 23:22:39
3b96cc180eb37fd6124f12ee33e3be1e,b1737a1ef657350ee5e90c4035ad2aeb,5,Super recomendo ,"Parab√©ns pelo comprometimento com os clientes, Obrigada ",2018-08-03 00:00:00,2018-08-04 01:27:57
d5b9ccdddcb136d13acba35924477952,b5628337dad9ae1f38266f0e22fdae4a,5,N√£o recebi o Produto ,"O produto ainda n√£o foi entregue, pois os correios da cidade e nada √© a mesma coisa, n√£o entregam nada para ningu√©m correto, informam que o endere√ßo est√° incorreto, n√£o tinha ningu√©m na resid√™ncia, pr",2018-05-11 00:00:00,2018-05-11 11:27:52
d81a07bfdcfa27ce8a614c7ed10942e2,14cef40ef56939096a73790b10938a79,5,Recomendo,Recomendo,2018-05-09 00:00:00,2018-05-10 12:42:07
d93f12c1e4784dd62522919db90e6037,8d644a85179a2e3720976b5ce7d8818b,5,super recomendo,Produto em perfeito estado! Conforme o anuncio!,2018-07-24 00:00:00,2018-07-25 18:35:52
72bfa12277357444b874425ec8565963,5cd8853b4ec297e801336f317f9a1912,5,10,10,2018-06-26 00:00:00,2018-06-28 17:23:16
4c010834456f302fc26f6c276daef6fe,8850e4e99e29fa1d0b624e3539bb30ef,3,Bom,Bom,2018-06-14 00:00:00,2018-06-14 22:34:26
b9dc694d7b6b79b8e3a4b130984d96eb,0e9a725e04f3fbc13f28d8f17c861013,4,recomendo,entregue no prazo,2018-08-15 00:00:00,2018-08-17 22:01:57
a6758951649968b6d19834274634fbee,f0ad6b89b7bb4a740b8121a4a69511fc,5,10,Muito bom .,2018-05-17 00:00:00,2018-05-20 14:25:24
5b7b8a7aa529492160c8bf209291ed8d,42a7750bca23818abc83ea9c3298eace,1,Postagem,A resid√™ncia fica uma pessoa 24 horas. Um absurdo redirecionarem para os Correios. Alegando que tentaram 3 entregas. Recebi produtos de lojas diferentes na mesma data citada.,2018-07-01 00:00:00,2018-07-02 12:49:13
ac46b0fe470a167ae37f5ae054416e13,0725ad25260ef550bc00be1179252efe,1,Entrega incompleta,Comprei duas unidades e s√≥ recebi uma,2018-06-17 00:00:00,2018-06-17 20:50:59
59c45120064c0bcfda4c98c099fb9acc,afed0d88ec7753e7be8744bb66e860d1,1,Nota zero. Produto falso!,Falso e com arranh√µes na tela,2018-07-28 00:00:00,2018-07-29 11:14:13
7259b831e436800820496187b126ea7b,e915c8ca8bc30319411def24bf095819,5,Super recomendo,"Produto excelente! Entrega antes do prazo, em perfeitas condi√ß√µes! Lindo! ",2018-05-19 00:00:00,2018-05-21 15:21:45
88dce7f8594f6d0a01adb5108c281f60,3c93a4cc9ca8a3e1148b82d0425be9c4,1,N√£o recomendo,Comprei uma Esmerilhadeira 110v e me mandaram uma 220v. N√£o tive retorno at√© o momento.,2018-08-14 00:00:00,2018-08-14 21:05:19
ef5da1eac6c0c528689c4a350f594278,b10fb9234ad5eba5cbc090ddd8950c6d,4,Progresso ,Melhoria cont√≠nua ,2018-06-13 00:00:00,2018-06-14 12:15:33
bd5ea2577ce05ee212c4c44793068a1f,d4ab8a264235be36f72a07621046d082,4,Uma √≥tima compra ,"O produto chegou antes do prazo e em perfeito estado, estou muito satisfeito com a compra.",2018-06-13 00:00:00,2018-06-13 18:06:39
3d547106e52864f3948cb02f57b1b5fc,efa2e42246bfe580af1b33ae96edc78b,5,Exelente,"J√° uso esta pastilha √† algum tempo, √≥timo produto.",2018-08-09 00:00:00,2018-08-10 11:08:41
952d7d80b61e29f80148993b45b586c4,7a28faee4e4959f358d2fdbe66e22107,5,Excelente loja,Exelente loja entrega rapida antes do prazo ,2018-08-17 00:00:00,2018-08-18 19:27:43
39b194c774dbefda60f7de993e41c9be,9b284ead0b827957b9e9ee5f48128bd5,2,Produto veio quebrado,"Fiquei muito chateada, pois o produto veio quebrado! Um descaso isso",2018-07-22 00:00:00,2018-07-24 11:13:19
3f8b18309bcbb25b441fbfab46e5afec,25ec17a7457f797d4a253f3f492d4686,4,recomendo,dentro do prazo,2018-08-21 00:00:00,2018-08-22 15:56:47
14303ce09673466b69c4354628aa5a84,6f0dfb5b5398b271cc6bbd9ee263530e,5,Produto bom,"Produto bom, mas o pegador da tampa √© de pl√°stico, a dobradi√ßa dela tamb√©m e ele √© bem menor do que parece na foto. No resto √© bom.",2018-08-08 00:00:00,2018-08-08 23:48:48
ec0ba2579c15f2612aed890381a17a97,b50045898b1f2d9c7c9b68f8902e1d45,5,super recomendo,otima,2018-07-12 00:00:00,2018-07-14 22:53:37
d2a3c38135cd2339ab0d3fec0abf8301,3d25ea8a710032b1b66683b23027c0a6,3,capa de banjo,"Pelo pre√ßo compensa,s√≥ acho que a capa deveria ser acochoada nas laterais. Mas e um bom custo beneficio.
",2018-06-09 00:00:00,2018-06-10 19:31:53
f6cf23b0ae34e186b00885141a6f008a,098e78dea9fc1a1e1e49c220f27dcea4,1,Produto com defeito,"Comprei duas cadeiras, uma o assento √± encaixa corretamente e a outra veio sem as borrachinhas para acabamento",2018-07-12 00:00:00,2018-07-13 15:05:26
671492ae8bfed40f5e6daedb9f539869,13100b3a31729e96b34e7eeaf3cadb2c,5,√ìtimo produto ,Super recomendo ,2018-06-12 00:00:00,2018-06-13 13:46:11
9dd8b719f31613cf231e706cf30e86df,5ded6a13b2bbe76839104c57159463b3,5,recomendo sim,produto foi recebido de total agrado grato arthur,2018-07-14 00:00:00,2018-07-15 18:48:00
e7d161350f410c6b3d786c1502370365,c486d236b0e92a666f332229a5f23557,3,Produto baixa qualidade,Decepcionado com a baixa qualidade dos produtos da targaryen. Me arrependo da compra.,2018-06-21 00:00:00,2018-06-22 00:37:37
2676143568239a5e072bfa8a90473742,ef13107bb93c2e7cd4509174a883022b,5,Top,R√°pido e de qualidade,2018-08-22 00:00:00,2018-08-22 23:08:00
e0177a436821c9d3534b7ff41fcdc1ed,b10944098c8ae5130e647d08da104c38,5,excelente,muito muito bom,2018-06-12 00:00:00,2018-06-13 00:24:56
81f1abcf61e3a83b8ca3b73b5996681a,c8f74736a2adf12a4057a4c97c8dedb1,5,Muito boa,Super R√°pido.,2018-07-05 00:00:00,2018-07-07 17:06:54
e73a2864cafe04062f27bff2b588ed85,b88655bfa5742903fa6b2162ee31ac87,1,Tamanho e quantidade erra,"Eu ped√≠ um tamanho e quantidade, por√©m veio tudo diferente. Agora tenho que fazer a devolu√ß√£o e aguardar mais um tempo para receber a outra encomenda. Mais de uma semana.",2018-05-15 00:00:00,2018-05-16 00:05:10
aa33370ee7351c75d083c2dcdfbf5434,687827c3a3bcdf03c6956d9bbe263ed5,2,N√£o exatamente o que eu e,N√£o √© um espelho,2018-06-02 00:00:00,2018-06-03 02:56:51
332b28a7dea6f51f4aa3cce928a9c491,f7fdd9291fb00404aa63adabadc61ec7,5,Perfeito.,"Produto chegou antes do prazo estipulado. √ìtima qualidade, excelente.",2018-05-09 00:00:00,2018-05-10 14:54:14
5f95d2b1b9a7f12ba0b1b4b6f596117b,11156cbbd16c21d0f876588915098a28,1,Tentativa de golpe.,Fiz a compra de dois rolos de filamentos 3D e me enviaram apenas um. A mercadoria foi paga e n√£o recebi.,2018-05-11 00:00:00,2018-05-11 14:37:35
31c31deec344ce8c892f9bd3c6a1b478,1e7e7546d7c254379fcbf4d36cc18589,3,Embalagem ,"Produto de boa qualidade , entrega r√°pida, infelizmente n√£o foi bem embalado e chegou com um produto quebrado !",2018-07-26 00:00:00,2018-07-27 00:44:16
12d34aee5844084dbda5c1da86fc768a,04b7f4eff7b30fc23df0be1f249113a5,3,produto estranho,"ele deixa um aspecto um tanto quanto oleoso no cabelo mesmo passando pouco, mas depois da chapinha some um pouco e deixa macio, tem um cheirinho gostoso, mas o produto em si √© estranho...",2018-08-05 00:00:00,2018-08-08 08:19:16
787fabb7a4464aa19d210d6cc44dcac4,866c3d690461371bdd01676cccd0dfa3,5,√ìtimo,"√ìtimo chegou antes da data combinada, super bem embalado, produto de qualidade e pre√ßo justo, s√≥ o frete meio caro kkkk. Foi minha primeira compra adorei e recomendo.",2018-08-07 00:00:00,2018-08-07 23:58:36
5cab91efd5e53aa7c2614bf6aee4211b,4a2044944160f020bea094d2da430b0a,5,Excelente,O produto chegou antecipado ao programado em excelente condi√ß√µes;,2018-06-21 00:00:00,2018-06-22 02:14:36
d4a496ae30735d1db9d88b8b17e12eed,efe9725dbc15f09b8e8b95c6331655ba,5,recomendo,tudo ok,2018-06-12 00:00:00,2018-06-13 13:21:51
6430484566df55f6f2be705fed82a34e,80d96347e69c438801f589825dbf0d66,2,**,"Os dois cartuchos preto n√£o soltam tinta. 
N√£o imprime nada . Coloquei de maneira adequada e o cartucho n√£o libera tinta preta. O colorido est√° tudo OK. Coma fa√ßo para resolver este problema???
Agu",2018-07-04 00:00:00,2018-07-05 13:44:15
5f5ddc06accb52b1601f69272a39dc56,958203017423df129c09a359f552907c,5,Excelente,Recomendo chegou super rapido produto bom tudo certo,2018-06-07 00:00:00,2018-06-07 20:25:38
7072d3ceb8f67cc1b384f1594e1fc04f,b41055f900d670bae8cfbf3a8df79d8c,4,Produto como indicado,Bom produto. Apresenta as caracter√≠sticas como descrito no site. Entregue antes do prazo.,2018-08-08 00:00:00,2018-08-08 19:50:54
b9e471fb0fa1457cb85130defc653cd8,a43233e3aab4afcc9b0160f77dfadd82,4,Pel√≠cula de vidro substit,"Na primeira entrega a pel√≠cula de vidro veio trincada, ap√≥s contato telef√¥nico com o fornecedor encaminhei um e-mail com a imagem do produto e a Nota Fiscal, o produto foi entregue sem defeitos ap√≥s 4",2018-08-31 00:00:00,2018-09-04 22:50:41
85044344a28408d8fc9224b1f597c8ec,2c039eca196d1a548fd739e82713a1b1,1,Eu quero meu produto," Comprei a Garrafa t√©rmica,E um kit de toalhas de 10 toalhas,por√©m s√≥ chegou a Garrafa,At√© agora nada Das toalhas.......quero muito um retorno por favor",2018-08-24 00:00:00,2018-08-25 00:42:45
5cd5891cb99db28537507ab1d3b29117,0eeaf3619d35e90b2430da57d351dd01,4,Bom,Sempre compre nunca tive problema vou comprar sempre que tiver algo que eu goste,2018-06-16 00:00:00,2018-06-17 20:36:33
db0ff2ef561c4a98947dd7834a4fb68a,fbd68bde483e90e5e14a0d0e608b907f,5,Ch√° seca barriga ,Chegou super r√°pido ,2018-08-25 00:00:00,2018-08-25 19:23:55
16ffc85418c8d402b1bf6b2f5145230b,f638d34835b2bcc16d7c6880954bc00f,3,Bom,Qualidade do produto razoavel,2018-07-06 00:00:00,2018-07-09 03:50:51
32415bbf6e341d5d517080a796f79b5c,65fdcb432cb9cfa970e3a3817b39040d,2,Carteira de couro marrom ,O produto veio com defeito! Espero que n√£o demore muito a troca pois foi comprada para presentear!,2018-08-29 00:00:00,2018-08-31 22:29:09
51c14bac15364fbb79aabbb49256b7d0,442c6fc8659cdf5bd32a9631cf51b3c2,4,Otimo,Gostei ,2018-05-17 00:00:00,2018-05-29 19:32:34
a9bcb4c3c88930a3105413235e0b8e7a,fbafcc549363560790bf2e28730a7f36,1,n√£o recomendo,Comprei um jogo de latas e recebi MARMITAS! ,2018-07-04 00:00:00,2018-07-10 12:34:11
2fa575c015d8ee4dcabbf9e43c58e495,611422343cc9f16ead16e75de8622dab,3,Bom,Muito bom ,2018-04-28 00:00:00,2018-04-30 20:28:29
889582072dc3e583f428b2330da51389,aa76cf095a94a9b1b5e8bf751b279bb3,5,Muito bom,Produto entregue no praso estou satifeito muuto bom,2018-05-24 00:00:00,2018-05-26 04:50:24
6948ba65186e4dfa0d7c2dfa3ca6b8b6,58bdd869f92592c105dbfad8b492e261,5,super recomendado,"recebi o produto em perfeito estado,conforme eu precisava e esperava,al√©m de chegar antes do prazo,super recomendado.",2018-05-01 00:00:00,2018-05-02 10:33:11
ea5b927fa827584da27675794306c3e7,acf1727645a8acc35c463a98c6cea8c1,5,√ìtimo produto,Amei a qualidade e o designer!!!,2018-08-29 00:00:00,2018-09-11 00:18:09
ae36f560f2a95f847292ced21ed957cb,5bc2858d960c9a5452d2f76492bfd948,5,Atende o que promete,Produto atende o que promete relativo a estender internet sem fio. Funciona bem e √© f√°cil de configurar.,2018-07-26 00:00:00,2018-07-30 10:39:41
905dbdb8ae13417bc25b4d844ec5e2a7,a92cb0dfef8b722e7edb2b8945fd8baf,5,Top,Top essa loja,2018-06-05 00:00:00,2018-06-05 16:23:07
d446a34844ac4805fbe6beffb670baff,7113e8344293a6a03453110d67c7f533,5,√ìtimo produto,Atendeu minhas expectativas. Recomendo.,2018-05-04 00:00:00,2018-05-04 20:19:11
331bff50c0e9b6d14ad8be80bc1f98c2,819c95d80987748e1ce29b9b637cc920,5,Recomendo,Muito bom,2018-07-28 00:00:00,2018-08-02 01:15:02
a2966b85195c01a975926e431d4736b2,581e402f36b377643fce426a28dc17e4,5,Excelente,"Amei o produto, entrega super r√°pida!",2018-06-24 00:00:00,2018-06-28 13:11:32
7bc4490cb81a2cfd766bdc97b8aad8ef,f52085b82745f88592fcf7a4a4733949,5,Nota 10,Recomendo para todos muito boa ,2018-07-31 00:00:00,2018-07-31 21:43:41
ae41d0d7be484521ece44b404cebe419,c8f2cb814f847fff855420ba64c42282,5,√ìtimo ,Entrega r√°pida produto perfeito ,2018-04-28 00:00:00,2018-04-28 21:18:23
a2b6e2e7a1a57b4c4dfd4cc2cacdfb20,a37d916ab96889e59db281905a87514e,4,amei meu noteboock,legal,2018-05-16 00:00:00,2018-05-22 23:23:23
2c20d0b1c7568a3269b0f563d6885f78,95b77d025d47143b0ac25edd12536293,5,Eu recomendo,Quadros lindos e de boa qualidade.,2018-08-09 00:00:00,2018-08-09 18:40:40
5f1ad1f41aacfdb6fdc98f8ff5e10bf6,02ac6689fe09c236d7651b93246b6dbe,3,recomendo,"ainda n√£o usei mais recomendo 
",2018-06-08 00:00:00,2018-06-12 11:43:01
44380245bf1a49875542ea0e7f216986,98efe48952662e6a45a1dc51770039d2,1,n√£o recebi o produto aind,assim que receber produto eu avalio positivo,2018-06-26 00:00:00,2018-06-28 19:06:42
388d0584caf7a075f6c8bb6e67d7e00b,9f614c4a6839e4c60280aa7c70913658,5,TOP,Entrega muito r√°pida...Parab√©ns,2018-07-28 00:00:00,2018-07-31 18:46:47
40b1644940367763775a63267ca6d957,af822dacd6f5cff7376413c03a388bb7,1,Ainda n√£o recebi ,"Eu recebi 1 ta√ßa de cada, eu comprei 6 de cada deveria receber 12 pe√ßas. Estou aguardando retorno de voc√™s!",2018-06-19 00:00:00,2018-06-20 12:16:28
56749116d928cc62024255bc75351861,442dccfb1443cb7035f2b7810f974dd9,1,At√© hoje n√£o recebi ,"Fiz o pagamento, j√° faz m√™s e n√£o recebi o meu produto, estou indignado pois dependo deste para atender uma pessoa que precisa ficar constantemente com uma central de ar ligada.",2018-05-05 00:00:00,2018-05-09 11:18:22
95d75b7a8058538cb942cf2d3ab0aacb,e49e382e440b76f65be6ce311948835c,1,inferior,comprei 2 e s√≥ recebi um.,2018-06-16 00:00:00,2018-06-17 20:11:28
763a41a4c61e076532d74bef69d4187a,b30659f06b33fcd3ffad36f031b503e4,1,Devolu√ß√£o e troca,"Comprei um carregador Motorola turbopower 15W, mas chegou aqui em minhas m√£os um carregador que n√£o encaixa em nenhum Motorola, testei no Moto G4, G5 Plus e G5S Plus, e em nenhum deles o USB encaixou.",2018-05-09 00:00:00,2018-05-11 16:44:39
d26fbdce396994519fca5e974087e534,2a56c0c034674a4f3655fdbd44d8df8d,5,Super Recomendo,"Produto Novo, em boas condi√ß√µes e a entrega chegou 6 dias antes do prazo estabelecido",2018-08-29 00:00:00,2018-08-29 20:19:41
134e77493c45877d18612fa2fa6e9f2c,bde94455174baa3590e64c3d37e79e19,5,Recomendo,"Sempre compro na loja lannister, os produtos chegam r√°pido antes mesmo do previsto para entrega. Parab√©ns...
",2018-08-21 00:00:00,2018-08-23 22:01:54
734e78e7c3a2dd9ef4439006e40ea246,94d343eb93a8da737ff05484f33ea4b9,3,Tamanho errado,"Recebi o produto dentro do prazo por√©m, no an√∫ncio diz que o tapete mede 1,80 e o meu veio s√≥ com 1,47.",2018-06-28 00:00:00,2018-06-28 16:31:48
9b32eced9364125509656959cea1b2bc,85eef2d342b0de363c45c1bc324729c5,3,pena que ficou pequena,"teria que ter a medida certa e a cor, porque n√£o gostei da cor",2018-05-12 00:00:00,2018-05-15 15:40:59
9e96e374304db42a8aecd4a97d53cc1b,00f251b943aba645652c7138e4716fee,5,Super recomendado,Estou plenamente satisfeita com minha aquisi√ß√£o. E recomendo. A √∫nica coisa que n√£o concordo √© com o valor de frete. Aut√≠ssimo.,2018-08-21 00:00:00,2018-08-22 11:09:52
6aaf89754eaa31c81b88e2f2ae54e090,7b3950b933fe73d96ce4359a1caf38ea,4,Muito bom,"A bolsa e boa.
S√≥ o trocador que √© muito pequeno.
Recebi antes do prazo de entrega. ",2018-06-05 00:00:00,2018-06-06 09:42:21
6e81ec010c1cf88bb49eefc15e6ba8ae,9883744c6400cfad8a620ddb82b9793c,5,super recomendo,Fui muito bem atendida,2018-05-09 00:00:00,2018-05-21 18:01:40
